email	phone	ticket_type	booking_id	booking_time	status	qty	discount	name	amount
abhinavmarutham@gmail.com	6238291939	Workshops- Conscientia 2026 (id-3)	TQ-Y2026E2020B299230	08:17 PM IST, 02 Sep 2026	confirmed	1	-	Abhinav N	309.58
nihithtv@gmail.com	9390971480	Workshops- Conscientia 2026 (id-3)	TQ-Y2026E2020B299342	03:26 AM IST, 04 Sep 2026	confirmed	1	-	Thirukovela Venkata Nihith	929.78
adwaithkomban@gmail.com	9324389840	Workshops- Conscientia 2026 (id-3)	TQ-Y2026E2020B299378	01:29 PM IST, 04 Sep 2026	confirmed	1	-	Adwaith Komban	309.58
ciashajannadukudy@gmail.com	9497723783	Workshops- Conscientia 2026 (id-3)	TQ-Y2026E2020B299455	01:31 PM IST, 05 Sep 2026	confirmed	1	-	CIA N S	309.58
gautam.stu45@gmail.com	6283914545	Workshops- Conscientia 2026 (id-3)	TQ-Y2026E2020B299515	10:18 AM IST, 06 Sep 2026	confirmed	1	-	Gautam Gupta	309.58
gauthami757@gmail.com	8590493908	Workshops- Conscientia 2026 (id-3)	TQ-Y2026E2020B299543	02:20 PM IST, 06 Sep 2026	confirmed	1	-	Gauthami	309.58
sreenandhasanthosh4@gmail.com	9074276357	Workshops- Conscientia 2026 (id-3)	TQ-Y2026E2020B300038	05:05 PM IST, 09 Sep 2026	confirmed	1	-	Sreenandha santhosh	309.58
niranjanarajesh123@gmail.com	9074269134	Workshops- Conscientia 2026 (id-3)	TQ-Y2026E2020B300117	05:16 PM IST, 10 Sep 2026	confirmed	1	-	Niranjana Rajesh	309.58
ammumariamkorah@gmail.com	9496215306	Workshops- Conscientia 2026 (id-3)	TQ-Y2026E2020B300452	11:49 PM IST, 12 Sep 2026	confirmed	1	-	Ammu Mariam Korah	309.58
gayathrisabarinath16@gmail.com	6238520843	Workshops- Conscientia 2026 (id-3)	TQ-Y2026E2020B300536	02:25 PM IST, 13 Sep 2026	confirmed	1	-	Gayathri Sabarinath	309.58
gopikagopakumarg6@gmail.com	9947057277	Workshops- Conscientia 2026 (id-3)	TQ-Y2026E2020B300537	02:43 PM IST, 13 Sep 2026	confirmed	1	-	Gopika Gopakumar	309.58
roopak@tiqr.events	+917795937091	25	TQ-Y2026E2020B300601	09:24 AM IST, 14 Sep 2026	confirmed	1	-	Roopak A N	26.39
harinee.r2024@vitstudent.ac.in	+919952012853	launchVehicle	TQ-Y2026E2020B284295	08:19 PM IST, 21 May 2026	confirmed	1	-	R.HARINEE	361.35
suryabalraj043@gmail.com	+917639405212	launchVehicle	TQ-Y2026E2020B284493	09:07 PM IST, 23 May 2026	confirmed	1	-	Surya B	361.35
shrilakshmir10@gmail.com	+919500030290	launchVehicle	TQ-Y2026E2020B284512	09:24 AM IST, 24 May 2026	confirmed	1	-	Sriraghav S	361.35
adrinathsbinod@gmail.com	+918547387709	launchVehicle	TQ-Y2026E2020B284538	03:55 PM IST, 24 May 2026	confirmed	1	-	Adrinath S Binod	361.35
gurusaran2903@gmail.com	+916379807778	launchVehicle	TQ-Y2026E2020B284602	05:55 PM IST, 25 May 2026	confirmed	1	-	Guru saran	361.35
laxmijoshi2004@gmail.com	+919571141738	launchVehicle	TQ-Y2026E2020B284649	12:29 PM IST, 26 May 2026	confirmed	1	-	Medhir Joshi	0
swetav05@gmail.com	+919686668104	launchVehicle	TQ-Y2026E2020B284667	04:32 PM IST, 26 May 2026	confirmed	1	-	Aashrita Abhishek	0
aryaman.u.desai@gmail.com	+917043445553	launchVehicle	TQ-Y2026E2020B284698	11:27 PM IST, 26 May 2026	confirmed	1	-	Aryaman Ulkesh Desai	361.35
kulkarnimaithili194@gmail.com	+919579241278	launchVehicle	TQ-Y2026E2020B284772	09:38 PM IST, 27 May 2026	confirmed	1	-	Maithili manoj kulkarni	0
22yuogeshvar22@gmail.com	+918220645885	launchVehicle	TQ-Y2026E2020B284785	02:02 PM IST, 28 May 2026	confirmed	1	-	YUOGESHVAR B	361.35
gadvi.neha@gmail.com	+919960549368	launchVehicle	TQ-Y2026E2020B284862	11:30 AM IST, 01 Jun 2026	confirmed	1	-	Swara Rajesh Gadvi	0
sorenjemimah09@gmail.com	+918822420456	launchVehicle	TQ-Y2026E2020B284872	07:39 PM IST, 01 Jun 2026	confirmed	1	-	Jemimah Soren	0
radhahardikar6373@gmail.com	+917447263283	launchVehicle	TQ-Y2026E2020B284967	01:59 PM IST, 06 Jun 2026	confirmed	1	-	Radha Hardikar	361.35
devanandhapadmakumar03@gmail.com	+918590613304	launchVehicle	TQ-Y2026E2020B284970	01:59 PM IST, 06 Jun 2026	confirmed	1	-	Devananda P	722.7
vidhuramuthukumar0110@gmail.com	+917094013029	launchVehicle	TQ-Y2026E2020B284987	07:07 PM IST, 06 Jun 2026	confirmed	1	-	Vidhura MuthuKumar	1032.28
nandakishorek14@gmail.com	+918078265342	launchVehicle	TQ-Y2026E2020B284993	08:46 PM IST, 06 Jun 2026	confirmed	1	-	NANDAKISHORE KOVATH	361.35
atharv.bansal19310@gmail.com	+917028929281	launchVehicle	TQ-Y2026E2020B285005	11:25 AM IST, 07 Jun 2026	confirmed	1	-	Atharv Bansal	361.35
niharika_jmishra@yahoo.co.in	+919845354342	launchVehicle	TQ-Y2026E2020B285010	12:12 PM IST, 07 Jun 2026	confirmed	1	-	Pratham Gaurav Mishra	0
akns.nidhim@gmail.com	+911421232575	launchVehicle	TQ-Y2026E2020B285011	12:14 PM IST, 07 Jun 2026	confirmed	1	-	AKNS Nidhi Mayurika	361.35
kothekar.prabhakar@adypu.edu.in	+919867557417	launchVehicle	TQ-Y2026E2020B285029	09:44 AM IST, 08 Jun 2026	confirmed	1	-	Ayush Kothekar	361.35
mksspace115@gmail.com	+919059640951	launchVehicle	TQ-Y2026E2020B285063	02:03 PM IST, 09 Jun 2026	confirmed	1	-	Mohammed Kareem Sharif	361.35
karthikgs078@gmail.com	+919494022125	launchVehicle	TQ-Y2026E2020B285077	08:02 PM IST, 09 Jun 2026	confirmed	1	-	NUNNA KARTHIK	361.35
karthikgs078@gmail.com	+919494022125	launchVehicle	TQ-Y2026E2020B285078	08:04 PM IST, 09 Jun 2026	confirmed	1	-	NUNNA KARTHIK	361.35
shailesh_maloo@yahoo.com	+919730112771	launchVehicle	TQ-Y2026E2020B285090	11:58 AM IST, 10 Jun 2026	confirmed	1	-	Krish Maloo	361.35
arunimashiju1125@gmail.com	+918089871256	launchVehicle	TQ-Y2026E2020B285111	09:31 PM IST, 10 Jun 2026	confirmed	1	-	Arunima Shiju	361.35
nirlepnaik@gmail.com	+919327415615	launchVehicle	TQ-Y2026E2020B285212	12:45 PM IST, 14 Jun 2026	confirmed	1	-	Nirlep Naik	361.35
hafsa.sadiya@gmail.com	+918248548805	launchVehicle	TQ-Y2026E2020B285249	11:27 AM IST, 15 Jun 2026	confirmed	1	-	Hafsa Sadiya	361.35
akshaj.naman@gmail.com	+916290441617	launchVehicle	TQ-Y2026E2020B285262	05:14 PM IST, 15 Jun 2026	confirmed	1	-	Akshaj Naman	0
tanish.nts@gmail.com	+919830488236	launchVehicle	TQ-Y2026E2020B285284	11:09 PM IST, 15 Jun 2026	confirmed	1	-	Tanish Mandal	0
satsaimohapatra@gmail.com	+918910938085	launchVehicle	TQ-Y2026E2020B285300	12:44 PM IST, 16 Jun 2026	confirmed	1	-	Satyam Sai Mohapatra	670.93
ecu250438@cet.ac.in	+916282539608	launchVehicle	TQ-Y2026E2020B285370	11:27 PM IST, 17 Jun 2026	confirmed	1	-	Ambadi S Bappu	361.35
biswasbiswajit736@yahoo.in	+918240300641	launchVehicle	TQ-Y2026E2020B285391	05:06 PM IST, 18 Jun 2026	confirmed	1	-	Ankan Biswas	0
nandadevij07@gmail.com	+919037070626	launchVehicle	TQ-Y2026E2020B285399	09:36 PM IST, 18 Jun 2026	confirmed	1	-	Nanda Devi J	361.35
kothariyogita20@gmail.com	+919051379057	launchVehicle	TQ-Y2026E2020B285414	09:42 AM IST, 19 Jun 2026	confirmed	1	-	Lavishka Kothari	0
ridhvi2611@gmail.com	+919845218848	launchVehicle	TQ-Y2026E2020B286513	11:42 AM IST, 19 Jun 2026	confirmed	1	-	Ridhviraj Anil Rikke	361.35
satishsays@gmail.com	+919831821317	launchVehicle	TQ-Y2026E2020B286549	11:16 PM IST, 19 Jun 2026	confirmed	1	-	Danish Jaiswal	361.35
its.poulami@outlook.com	+919830908695	launchVehicle	TQ-Y2026E2020B286584	11:11 AM IST, 20 Jun 2026	confirmed	1	-	Sarah Saha Chowdhury	361.35
samhitavenkatesh9@gmail.com	+916360005091	launchVehicle	TQ-Y2026E2020B286586	12:25 PM IST, 20 Jun 2026	confirmed	1	-	samhita hemmige venkatesh	361.35
sumirad1182@gmail.com	+917550023488	launchVehicle	TQ-Y2026E2020B286597	08:08 PM IST, 20 Jun 2026	confirmed	1	-	Sumita Radhakrishnan	361.35
mrigankadey79@gmail.com	+919830349121	launchVehicle	TQ-Y2026E2020B286604	09:25 PM IST, 20 Jun 2026	confirmed	1	-	Mrittika Dey	361.35
ecu250462@cet.ac.in	+919497663079	launchVehicle	TQ-Y2026E2020B286608	12:10 AM IST, 21 Jun 2026	confirmed	1	-	AMAL M ANAND	361.35
mayankghuntla@gmail.com	+919714626451	launchVehicle	TQ-Y2026E2020B286634	04:39 PM IST, 21 Jun 2026	confirmed	1	-	Mayank Ghuntla	361.35
shravyagulla@gmail.com	+916591525253	launchVehicle	TQ-Y2026E2020B286645	08:05 PM IST, 21 Jun 2026	confirmed	1	-	Shravya Gulla	0
marasarathi2008@gmail.com	+916369982249	launchVehicle	TQ-Y2026E2020B286649	09:43 PM IST, 21 Jun 2026	confirmed	1	-	M Maravarma parthasarathi	361.35
krishnaprasanthps749@gmail.com	+918086372909	launchVehicle	TQ-Y2026E2020B286682	01:46 PM IST, 22 Jun 2026	confirmed	1	-	KRISHNAPRASANTH.P.S.	361.35
shayne.honeybeezconsultancy@gmail.com	+919920632532	launchVehicle	TQ-Y2026E2020B286700	08:11 AM IST, 23 Jun 2026	confirmed	1	-	Damien Dsouza	361.35
dangavni@gmail.com	+919643945850	launchVehicle	TQ-Y2026E2020B286712	12:57 PM IST, 23 Jun 2026	confirmed	1	-	avni dang	361.35
tanishkaankireddy@gmail.com	+918008466500	launchVehicle	TQ-Y2026E2020B286776	09:13 PM IST, 24 Jun 2026	confirmed	1	-	AnkiReddy Tanishka	361.35
vencool@gmail.com	+919880122116	launchVehicle	TQ-Y2026E2020B286790	11:53 AM IST, 25 Jun 2026	confirmed	1	-	Vishruth Varman	361.35
sureka.charles@gmail.com	+919176674436	launchVehicle	TQ-Y2026E2020B286802	02:20 PM IST, 25 Jun 2026	confirmed	1	-	Nathan John Charles	361.35
nanya.samy@gmail.com	+919962211568	launchVehicle	TQ-Y2026E2020B286809	07:22 PM IST, 25 Jun 2026	confirmed	1	-	Nishwanth S	361.35
mohadgl22@gmail.com	+918939771806	launchVehicle	TQ-Y2026E2020B286817	10:12 PM IST, 25 Jun 2026	confirmed	1	-	SANJAI AADHITHYAN	361.35
harshapunartham@gmail.com	+919447919221	launchVehicle	TQ-Y2026E2020B286824	10:41 AM IST, 26 Jun 2026	confirmed	1	-	Harsha HM	361.35
ssagarwal1983@gmail.com	+919836118100	launchVehicle	TQ-Y2026E2020B286825	10:46 AM IST, 26 Jun 2026	confirmed	1	-	Eashan Agarwal	361.35
sathee.ishantd@gmail.com	+919710637273	launchVehicle	TQ-Y2026E2020B286849	07:54 PM IST, 26 Jun 2026	confirmed	1	-	Dheeraj K	361.35
sswaraj400@gmail.com	+919304423594	launchVehicle	TQ-Y2026E2020B286856	06:37 AM IST, 27 Jun 2026	confirmed	1	-	Swaraj Shandilya	361.35
kmanish07274@gmail.com	+919142425540	launchVehicle	TQ-Y2026E2020B286859	10:02 AM IST, 27 Jun 2026	confirmed	1	-	Manish Kumar	361.35
msftop6@gmail.com	+919000240917	launchVehicle	TQ-Y2026E2020B286873	02:30 PM IST, 27 Jun 2026	confirmed	1	-	Mudit Fatehpur	361.35
vimalraj.manickam21@gmail.com	+919894688583	launchVehicle	TQ-Y2026E2020B286874	02:30 PM IST, 27 Jun 2026	confirmed	1	-	Saisanjeeth V U	361.35
anujaelangovan@gmail.com	+919003854448	launchVehicle	TQ-Y2026E2020B286876	04:54 PM IST, 27 Jun 2026	confirmed	1	-	A M ADHVAITH	361.35
s.sivaparvathi2007@gmail.com	+918015868895	launchVehicle	TQ-Y2026E2020B286880	05:38 PM IST, 27 Jun 2026	confirmed	1	-	Sivaparvathi S	361.35
divya.pec@gmail.com	+919940171092	launchVehicle	TQ-Y2026E2020B286881	06:13 PM IST, 27 Jun 2026	confirmed	1	-	Chinni Saket Krishna	361.35
vedant.magadum@gmail.com	+918623091369	launchVehicle	TQ-Y2026E2020B286883	07:09 PM IST, 27 Jun 2026	confirmed	1	-	Vedant Magadum	361.35
lakshyab309@gmail.com	+919742032234	launchVehicle	TQ-Y2026E2020B286884	07:31 PM IST, 27 Jun 2026	confirmed	1	-	Lakshya B	361.35
shameemsufiyan@gmail.com	+919884095338	launchVehicle	TQ-Y2026E2020B286887	07:45 PM IST, 27 Jun 2026	confirmed	1	-	S. Mohammad Ruwafe Iqbal	361.35
saivinudev@gmail.com	+918000587288	launchVehicle	TQ-Y2026E2020B286889	08:45 PM IST, 27 Jun 2026	confirmed	1	-	Sai Vinudev D	361.35
financeteam.conscientia@gmail.com	+919881416709	agenticAI	TQ-Y2026E2020B284008	05:22 PM IST, 16 May 2026	confirmed	1	-	Finance team	309.58
conscientiateamiist@gmail.com	+919881416709	agenticAI	TQ-Y2026E2020B284164	08:55 PM IST, 19 May 2026	confirmed	1	-	conscientiateamiist@gmail.com	309.58
kurmananda.000@gmail.com	+919491978534	agenticAI	TQ-Y2026E2020B284279	10:59 AM IST, 21 May 2026	confirmed	1	-	testing by kurma	309.58
shrilakshmir10@gmail.com	+919500030290	agenticAI	TQ-Y2026E2020B284513	09:25 AM IST, 24 May 2026	confirmed	1	-	Sriraghav S	309.58
kamakhyarathi7@gmail.com	+919662403262	agenticAI	TQ-Y2026E2020B284605	08:35 PM IST, 25 May 2026	confirmed	1	-	Kamakhya Rathi	309.58
ammumariamkorah@gmail.com	+919496215306	agenticAI	TQ-Y2026E2020B284830	07:33 PM IST, 30 May 2026	confirmed	1	-	Ammu Mariam Korah	309.58
rahulbdeshmukh@gmail.com	+917038153328	agenticAI	TQ-Y2026E2020B284831	10:04 PM IST, 30 May 2026	confirmed	1	-	Anay Deshmukh	309.58
yatharthwakade@gmail.com	+919545078078	agenticAI	TQ-Y2026E2020B284833	10:58 PM IST, 30 May 2026	confirmed	1	-	YATHARTH VIJAY WAKADE	309.58
deshmukh.shardul2302@gmail.com	+918600699984	agenticAI	TQ-Y2026E2020B284855	09:09 PM IST, 31 May 2026	confirmed	1	-	Shardul Rohan Deshmukh	309.58
kuma.build@gmail.com	+919491978534	agenticAI	TQ-Y2026E2020B284860	11:14 AM IST, 01 Jun 2026	confirmed	1	-	Kurma/stilltesting	309.58
gadvi.neha@gmail.com	+919960549368	agenticAI	TQ-Y2026E2020B284863	11:30 AM IST, 01 Jun 2026	confirmed	1	-	Swara Rajesh Gadvi	0
kjgangurde01@gmail.com	+919689379350	agenticAI	TQ-Y2026E2020B284880	10:29 PM IST, 01 Jun 2026	confirmed	1	-	Swaroop Gangurde	309.58
pranavi.pune@gmail.com	+919890326184	agenticAI	TQ-Y2026E2020B284884	11:50 AM IST, 02 Jun 2026	confirmed	1	-	Pranavi Mamidipaka	309.58
vivek.mlk@rediffmail.com	+919873970911	agenticAI	TQ-Y2026E2020B284899	06:50 PM IST, 03 Jun 2026	confirmed	1	-	Vivek Malik	309.58
chandaksuraj20@gmail.com	+919421367953	agenticAI	TQ-Y2026E2020B284905	03:43 PM IST, 04 Jun 2026	confirmed	1	-	Paraa Surajkumar Chandak	309.58
adithyasuresh140@gmail.com	+917012010260	agenticAI	TQ-Y2026E2020B284921	01:09 PM IST, 05 Jun 2026	confirmed	1	-	Adithya MS	309.58
karthikas3465@gmail.com	+918078358014	agenticAI	TQ-Y2026E2020B284931	02:17 PM IST, 05 Jun 2026	confirmed	1	-	Karthika.S	309.58
atharvamishra9d@gmail.com	+918439672009	agenticAI	TQ-Y2026E2020B285067	05:55 PM IST, 09 Jun 2026	confirmed	1	-	Atharva Mishra	309.58
karthikgs078@gmail.com	+919494022125	agenticAI	TQ-Y2026E2020B285076	07:59 PM IST, 09 Jun 2026	confirmed	1	-	NUNNA KARTHIK	309.58
muthusrivatsan@gmail.com	+919944592262	agenticAI	TQ-Y2026E2020B285079	08:38 PM IST, 09 Jun 2026	confirmed	1	-	MUTHUSUBRAMANIAN S	309.58
naithik.bohara.4421@gmail.com	+919841967267	agenticAI	TQ-Y2026E2020B285105	07:47 PM IST, 10 Jun 2026	confirmed	1	-	Naithik Bohara N	309.58
akilkumar1805@gmail.com	+919487157820	agenticAI	TQ-Y2026E2020B285119	08:20 AM IST, 11 Jun 2026	confirmed	1	-	Akil kumar H	309.58
kaviyabramesh12@gmail.com	+919500524988	agenticAI	TQ-Y2026E2020B285134	06:56 PM IST, 11 Jun 2026	confirmed	1	-	Kaviya.B	309.58
rajeshshorapurkar@gmail.com	+919561099687	agenticAI	TQ-Y2026E2020B285143	10:11 PM IST, 11 Jun 2026	confirmed	1	-	SHREYAN GHORPADE	309.58
rkeerthana1798@gmail.com	+917598005009	agenticAI	TQ-Y2026E2020B285163	06:37 PM IST, 12 Jun 2026	confirmed	1	-	Keerthana.R	309.58
jothesmartkid2@gmail.com	+919944375149	agenticAI	TQ-Y2026E2020B285178	11:10 AM IST, 13 Jun 2026	confirmed	1	-	Jonathan C	309.58
nivyarubikasaravanan06@gmail.com	+919360993070	agenticAI	TQ-Y2026E2020B285255	04:26 PM IST, 15 Jun 2026	confirmed	1	-	Nivya Rubika S B	619.16
lakshithagowthaman2006@gmail.com	+919486037675	agenticAI	TQ-Y2026E2020B285378	08:29 AM IST, 18 Jun 2026	confirmed	1	-	G.LAKSHITHA	309.58
sharmistabar@gmail.com	+918928270316	agenticAI	TQ-Y2026E2020B285384	12:06 PM IST, 18 Jun 2026	confirmed	1	-	Sharmista Uttam Bar	309.58
yubhashna1910@gmail.com	+917489133558	agenticAI	TQ-Y2026E2020B285395	07:06 PM IST, 18 Jun 2026	confirmed	1	-	Yubhashna Kumari Chandrawat	309.58
nandadevij07@gmail.com	+919037070626	agenticAI	TQ-Y2026E2020B285400	09:38 PM IST, 18 Jun 2026	confirmed	1	-	Nanda Devi J	309.58
ecu250438@cet.ac.in	+916282539608	agenticAI	TQ-Y2026E2020B286518	02:59 PM IST, 19 Jun 2026	confirmed	1	-	Ambadi S Bappu	309.58
selvaganesh.programmer@gmail.com	+919876543210	agenticAI	TQ-Y2026E2020B286541	08:33 PM IST, 19 Jun 2026	confirmed	1	-	Selva Ganesh	309.58
financeteam.conscientia@gmail.com	+919881416709	pythonML	TQ-Y2026E2020B284070	01:39 PM IST, 18 May 2026	confirmed	1	-	Finance Team	309.58
edu.kurmananda@gmail.com	+919491978534	pythonML	TQ-Y2026E2020B284138	02:54 PM IST, 19 May 2026	confirmed	1	-	kurma/testing	309.58
zahizahxx@gmail.com	+919496012971	pythonML	TQ-Y2026E2020B284288	03:51 PM IST, 21 May 2026	confirmed	1	-	Anagha K A	309.58
lokanadham2112@gmail.coml	+916300653147	pythonML	TQ-Y2026E2020B284457	01:49 PM IST, 23 May 2026	confirmed	1	-	Diguvaputtur Lokanadham	309.58
lathasreediguvaputtur4006@gmail.com	+919704700481	pythonML	TQ-Y2026E2020B284458	01:57 PM IST, 23 May 2026	confirmed	1	-	D.LATHASREE	309.58
agarwallaavishka56@gmail.com	+919395943190	pythonML	TQ-Y2026E2020B284476	05:44 PM IST, 23 May 2026	confirmed	1	-	Avishka Agarwalla	0
shrilakshmir10@gmail.com	+919500030290	pythonML	TQ-Y2026E2020B284514	09:26 AM IST, 24 May 2026	confirmed	1	-	Sriraghav S	309.58
kurma.build@gmail.com	+911234567890	pythonML	TQ-Y2026E2020B284660	03:02 PM IST, 26 May 2026	confirmed	1	-	meiKurmaHu	309.58
swetav05@gmail.com	+919686668104	pythonML	TQ-Y2026E2020B284668	04:32 PM IST, 26 May 2026	confirmed	1	-	Aashrita Abhishek	0
kulkarnimaithili194@gmail.com	+919579241278	pythonML	TQ-Y2026E2020B284773	09:38 PM IST, 27 May 2026	confirmed	1	-	Maithili manoj kulkarni	0
krishnajiths903@gmail.com	+919037052259	pythonML	TQ-Y2026E2020B284810	08:42 PM IST, 29 May 2026	confirmed	1	-	Krishnajith S	309.58
yatharthwakade@gmail.com	+919545078078	pythonML	TQ-Y2026E2020B284834	11:02 PM IST, 30 May 2026	confirmed	1	-	YATHARTH VIJAY WAKADE	309.58
gadvi.neha@gmail.com	+919960549368	pythonML	TQ-Y2026E2020B284864	11:30 AM IST, 01 Jun 2026	confirmed	1	-	Swara Rajesh Gadvi	0
gungerujul@gmail.com	+919175763561	pythonML	TQ-Y2026E2020B284878	09:18 PM IST, 01 Jun 2026	confirmed	1	-	Rujul Sharnesh Gunge	309.58
pranavi.pune@gmail.com	+919890326184	pythonML	TQ-Y2026E2020B284887	02:34 PM IST, 02 Jun 2026	confirmed	1	-	Pranavi Mamidipaka	309.58
16aryan1tiwari08@gmail.com	+919619116909	pythonML	TQ-Y2026E2020B284891	05:56 PM IST, 02 Jun 2026	confirmed	1	-	Aryan Ashok Tiwari	309.58
nischit.etha@gmail.com	+918971301775	pythonML	TQ-Y2026E2020B284892	08:17 PM IST, 02 Jun 2026	confirmed	1	-	Nischit Etha	929.78
avanish.bharadwaja@gmail.com	+919019029849	pythonML	TQ-Y2026E2020B284908	09:27 PM IST, 04 Jun 2026	confirmed	1	-	avanish	0
pnmurthy.skota@gmail.com	+917981119722	pythonML	TQ-Y2026E2020B284910	09:35 PM IST, 04 Jun 2026	confirmed	1	-	Akhil	309.58
fathimaliyaquatali@gmail.com	+917356773150	pythonML	TQ-Y2026E2020B284935	04:44 PM IST, 05 Jun 2026	confirmed	1	-	M J Fathima	309.58
shanisana61@gmail.com	+918714160909	pythonML	TQ-Y2026E2020B284985	06:00 PM IST, 06 Jun 2026	confirmed	1	-	Sana.N	309.58
habeebr52025@gmail.com	+919847109849	pythonML	TQ-Y2026E2020B284986	06:15 PM IST, 06 Jun 2026	confirmed	1	-	Habeeb Rahman.N	309.58
vidhuramuthukumar0110@gmail.com	+917094013029	pythonML	TQ-Y2026E2020B284988	07:07 PM IST, 06 Jun 2026	confirmed	1	-	Vidhura MuthuKumar	0
ishankalra2006@gmail.com	+919041644577	pythonML	TQ-Y2026E2020B285006	11:36 AM IST, 07 Jun 2026	confirmed	1	-	Ishan Kalra	309.58
niharika_jmishra@yahoo.co.in	+919845354342	pythonML	TQ-Y2026E2020B285009	12:12 PM IST, 07 Jun 2026	confirmed	1	-	Pratham Gaurav Mishra	670.93
racheldavid.in@gmail.com	+919995877394	pythonML	TQ-Y2026E2020B285019	08:59 PM IST, 07 Jun 2026	confirmed	1	-	Rachel David	309.58
reshmabhaskar19@gmail.com	+918197743528	pythonML	TQ-Y2026E2020B285028	07:51 AM IST, 08 Jun 2026	confirmed	1	-	Krithika B	309.58
shreyamathew677@gmail.com	+919526484229	pythonML	TQ-Y2026E2020B285037	04:12 PM IST, 08 Jun 2026	confirmed	1	-	SHREYA MATHEW	309.58
nerdsky42@gmail.com	+919108362049	pythonML	TQ-Y2026E2020B285039	06:40 PM IST, 08 Jun 2026	confirmed	1	-	K Akash M Rao	309.58
madhavankudhayakumar@gmail.com	+918610740409	pythonML	TQ-Y2026E2020B285044	08:31 PM IST, 08 Jun 2026	confirmed	1	-	Madhavan	309.58
suruthee759@gmail.com	+919361833412	pythonML	TQ-Y2026E2020B285060	01:10 PM IST, 09 Jun 2026	confirmed	1	-	A.SURUTHEE	309.58
sreevardhanchintha@gmail.com	+917396380215	pythonML	TQ-Y2026E2020B285064	04:53 PM IST, 09 Jun 2026	confirmed	1	-	Chintha Sree Vardhan	309.58
srkavin1304@gmail.com	+919841919869	pythonML	TQ-Y2026E2020B285071	07:08 PM IST, 09 Jun 2026	confirmed	1	-	Kavin.S.R	309.58
s.sivaparvathi2007@gmail.com	+918015868895	pythonML	TQ-Y2026E2020B285080	12:32 AM IST, 10 Jun 2026	confirmed	1	-	Sivaparvathi S	309.58
kumarireethu9@gmail.com	+917619169467	pythonML	TQ-Y2026E2020B285101	07:11 PM IST, 10 Jun 2026	confirmed	1	-	Shruthi	309.58
arunimashiju1125@gmail.com	+918089871256	pythonML	TQ-Y2026E2020B285112	10:23 PM IST, 10 Jun 2026	confirmed	1	-	Arunima Shiju	309.58
akilkumar1805@gmail.com	+919487157820	pythonML	TQ-Y2026E2020B285120	08:21 AM IST, 11 Jun 2026	confirmed	1	-	Akil kumar H	309.58
toshitnaik4@gmail.com	+919827733950	pythonML	TQ-Y2026E2020B285137	08:08 PM IST, 11 Jun 2026	confirmed	1	-	Toshit Naik	309.58
rajeshshorapurkar@gmail.com	+919561099687	pythonML	TQ-Y2026E2020B285142	10:09 PM IST, 11 Jun 2026	confirmed	1	-	SHREYAN GHORPADE	309.58
sanjanaraoanthakapalli@gmail.com	+918919369873	pythonML	TQ-Y2026E2020B285157	01:47 PM IST, 12 Jun 2026	confirmed	1	-	Sanjanarao Anthakapalli	309.58
vnnadha@gmail.com	+919947778142	pythonML	TQ-Y2026E2020B285170	09:11 AM IST, 13 Jun 2026	confirmed	1	-	Nadha V N	309.58
christypatroche1439@gmail.com	+919442011081	pythonML	TQ-Y2026E2020B285172	09:14 AM IST, 13 Jun 2026	confirmed	1	-	Roche Emmanuel P	670.93
thrinayana.h.2948@gmail.com	+917395892553	pythonML	TQ-Y2026E2020B285176	11:02 AM IST, 13 Jun 2026	confirmed	1	-	H.Thrinayana	309.58
abinsabu513@gmail.com	+918714056025	pythonML	TQ-Y2026E2020B285192	08:53 PM IST, 13 Jun 2026	confirmed	1	-	Abin.K.Sabu	309.58
sonthaliakhanak@gmail.com	+919073975696	pythonML	TQ-Y2026E2020B285229	07:26 PM IST, 14 Jun 2026	confirmed	1	-	Khanak Sonthalia	309.58
najmin.mallick@gmail.com	+919836229523	pythonML	TQ-Y2026E2020B285230	08:23 PM IST, 14 Jun 2026	confirmed	1	-	MAHEEB MONDAL	309.58
rithiha.acads@gmail.com	+918610935308	pythonML	TQ-Y2026E2020B285231	08:43 PM IST, 14 Jun 2026	confirmed	1	-	Rithiha	309.58
shrijani1318@gmail.com	+919840719498	pythonML	TQ-Y2026E2020B285237	07:19 AM IST, 15 Jun 2026	confirmed	1	-	L Shrijani	309.58
gkshamita1@gmail.com	+919384735819	pythonML	TQ-Y2026E2020B285240	10:11 AM IST, 15 Jun 2026	confirmed	1	-	G K Shamita	309.58
anaghark77@gmail.com	+918848039784	pythonML	TQ-Y2026E2020B285242	10:43 AM IST, 15 Jun 2026	confirmed	1	-	ANAGHA R K	309.58
akhilacakhila36@gmail.com	+918943851556	pythonML	TQ-Y2026E2020B285245	11:08 AM IST, 15 Jun 2026	confirmed	1	-	Akhila C	309.58
nivyarubikasaravanan06@gmail.com	+919360993070	pythonML	TQ-Y2026E2020B285256	04:26 PM IST, 15 Jun 2026	confirmed	1	-	Nivya Rubika S B	0
shlokpatil1986@gmail.com	+918830306584	pythonML	TQ-Y2026E2020B285259	04:40 PM IST, 15 Jun 2026	confirmed	1	-	Arushi jitendra patil	309.58
akshaj.naman@gmail.com	+916290441617	pythonML	TQ-Y2026E2020B285261	05:14 PM IST, 15 Jun 2026	confirmed	1	-	Akshaj Naman	670.93
priyadharshiniv2327@gmail.com	+919043463099	pythonML	TQ-Y2026E2020B285269	07:00 PM IST, 15 Jun 2026	confirmed	1	-	PriyaDharshini V	309.58
thendralnambi09@gmail.com	+919443924561	pythonML	TQ-Y2026E2020B285270	07:16 PM IST, 15 Jun 2026	confirmed	1	-	Thendral T	309.58
tanish.nts@gmail.com	+919830488236	pythonML	TQ-Y2026E2020B285283	11:09 PM IST, 15 Jun 2026	confirmed	1	-	Tanish Mandal	670.93
satsaimohapatra@gmail.com	+918910938085	pythonML	TQ-Y2026E2020B285301	12:44 PM IST, 16 Jun 2026	confirmed	1	-	Satyam Sai Mohapatra	0
seethavenkatesan98@gmail.com	+919626315533	pythonML	TQ-Y2026E2020B285317	09:06 PM IST, 16 Jun 2026	confirmed	1	-	V.sharika	309.58
mrinalkchannel@gmail.com	+919074569032	pythonML	TQ-Y2026E2020B285342	01:29 PM IST, 17 Jun 2026	confirmed	1	-	Mrinal K	309.58
farzana468601@gmail.com	+918943211862	pythonML	TQ-Y2026E2020B285346	02:40 PM IST, 17 Jun 2026	confirmed	1	-	FARSANA V N	309.58
nandanamanikandan2255@gmail.com	+919846052351	pythonML	TQ-Y2026E2020B285356	07:34 PM IST, 17 Jun 2026	confirmed	1	-	Nandana M	309.58
aksharag637@gmail.com	+918921861722	pythonML	TQ-Y2026E2020B285357	07:34 PM IST, 17 Jun 2026	confirmed	1	-	G AKSHARA	309.58
priyavishnupriya321@gmail.com	+918848170861	pythonML	TQ-Y2026E2020B285360	07:47 PM IST, 17 Jun 2026	confirmed	1	-	Vishnupriya N	309.58
kunalnaveen29@gmail.com	+919751942682	pythonML	TQ-Y2026E2020B285362	08:02 PM IST, 17 Jun 2026	confirmed	1	-	Kunal Naveen	309.58
muhammed.hashir0503@gmail.com	+917558067127	pythonML	TQ-Y2026E2020B285363	08:22 PM IST, 17 Jun 2026	confirmed	1	-	Muhammed Hashir MK	309.58
manju.sudhakaran88@gmail.com	+918075709744	pythonML	TQ-Y2026E2020B285364	09:22 PM IST, 17 Jun 2026	confirmed	1	-	Kashinath Anoop	309.58
230101049@rajalakshmi.edu.in	+918778865986	pythonML	TQ-Y2026E2020B285366	09:35 PM IST, 17 Jun 2026	confirmed	1	-	SANTHIYA K	309.58
biswasbiswajit736@yahoo.in	+918240300641	pythonML	TQ-Y2026E2020B285390	05:06 PM IST, 18 Jun 2026	confirmed	1	-	Ankan Biswas	670.93
ecu250438@cet.ac.in	+916282539608	pythonML	TQ-Y2026E2020B285396	08:25 PM IST, 18 Jun 2026	confirmed	1	-	Ambadi S Bappu	309.58
kavithaacsl@gmail.com	+919342441165	pythonML	TQ-Y2026E2020B285401	09:55 PM IST, 18 Jun 2026	confirmed	1	-	AMIRTHA SHREE L	309.58
kothariyogita20@gmail.com	+919051379057	pythonML	TQ-Y2026E2020B285413	09:42 AM IST, 19 Jun 2026	confirmed	1	-	Lavishka Kothari	670.93
nambiarprithvin@gmail.com	+919731917596	pythonML	TQ-Y2026E2020B286535	06:18 PM IST, 19 Jun 2026	confirmed	1	-	Prithvin P Nambiar	0
madan2k7official@gmail.com	+919488706371	pythonML	TQ-Y2026E2020B286544	10:19 PM IST, 19 Jun 2026	confirmed	1	-	Madan J	309.58
amankuldeep05@gmail.com	+918003070030	pythonML	TQ-Y2026E2020B286581	10:18 AM IST, 20 Jun 2026	confirmed	1	-	Aman kuldeep	0
saivram1978@gmail.com	+919989042621	pythonML	TQ-Y2026E2020B286582	10:31 AM IST, 20 Jun 2026	confirmed	1	-	Sai krishna karthik.V	309.58
shriparnaghoshmail@gmail.com	+919007893986	pythonML	TQ-Y2026E2020B286591	04:13 PM IST, 20 Jun 2026	confirmed	1	-	Arush Majumder	309.58
sumirad1182@gmail.com	+917550023488	pythonML	TQ-Y2026E2020B286598	08:10 PM IST, 20 Jun 2026	confirmed	1	-	Sumita Radhakrishnan	309.58
mrigankadey79@gmail.com	+919830349121	pythonML	TQ-Y2026E2020B286603	09:21 PM IST, 20 Jun 2026	confirmed	1	-	Mrittika Dey	309.58
adrikasadhukhan.in@gmail.com	+919903329267	pythonML	TQ-Y2026E2020B286606	10:22 PM IST, 20 Jun 2026	confirmed	1	-	Adrika Sadhukhan	309.58
ecu250462@cet.ac.in	+919497663079	pythonML	TQ-Y2026E2020B286607	12:08 AM IST, 21 Jun 2026	confirmed	1	-	AMAL M ANAND	309.58
elanghovansabareesh0921@gmail.com	+919361775890	pythonML	TQ-Y2026E2020B286622	11:06 AM IST, 21 Jun 2026	confirmed	1	-	Elanghovan Sabareesh	309.58
satishsays@gmail.com	+919831821317	pythonML	TQ-Y2026E2020B286626	02:02 PM IST, 21 Jun 2026	confirmed	1	-	Danish Jaiswal	309.58
agarwallavanya26@gmail.com	+918469066912	pythonML	TQ-Y2026E2020B286627	02:08 PM IST, 21 Jun 2026	confirmed	1	-	Lavanya Deepak Agarwal	309.58
marasarathi2008@gmail.com	+916369982249	pythonML	TQ-Y2026E2020B286648	09:42 PM IST, 21 Jun 2026	confirmed	1	-	M Maravarma parthasarathi	309.58
bhoopalar7@gmail.com	+919447081067	pythonML	TQ-Y2026E2020B286690	07:32 PM IST, 22 Jun 2026	confirmed	1	-	Bhoopal A R	309.58
nayanshaji07@gmail.com	+917736833122	pythonML	TQ-Y2026E2020B286692	08:00 PM IST, 22 Jun 2026	confirmed	1	-	Nithin Shaji	309.58
thulasipriya128@gmail.com	+916381588527	pythonML	TQ-Y2026E2020B286706	10:26 AM IST, 23 Jun 2026	confirmed	1	-	Thulasi Priya N	309.58
shradha532484@gmail.com	+917846920925	pythonML	TQ-Y2026E2020B286752	11:18 PM IST, 23 Jun 2026	confirmed	1	-	Shradhashree Rout	0
vneshvar495@gmail.com	+919600983765	pythonML	TQ-Y2026E2020B286754	05:36 AM IST, 24 Jun 2026	confirmed	1	-	Vigneshvar. R	309.58
r.lalithkumar710@gmail.com	+916369317151	pythonML	TQ-Y2026E2020B286766	12:43 PM IST, 24 Jun 2026	confirmed	1	-	R. Lalith kumar	309.58
nagamadhuriv@gmail.com	+919880753113	pythonML	TQ-Y2026E2020B286768	03:50 PM IST, 24 Jun 2026	confirmed	1	-	Nagamadhuri	309.58
deepikakalidasan25@gmail.com	+919688811478	pythonML	TQ-Y2026E2020B286775	08:30 PM IST, 24 Jun 2026	confirmed	1	-	DEEPIKA K	309.58
selvaganesh.programmer@gmail.com	+919876543210	pythonML	TQ-Y2026E2020B286777	10:57 PM IST, 24 Jun 2026	confirmed	1	-	Selva Ganesh	309.58
muthusrivatsan@gmail.com	+919944592262	pythonML	TQ-Y2026E2020B286842	03:03 PM IST, 26 Jun 2026	confirmed	1	-	MUTHUSUBRAMANIAN S	309.58
meghaprj12@gmail.com	+919656761480	pythonML	TQ-Y2026E2020B286854	08:30 PM IST, 26 Jun 2026	confirmed	1	-	Megha P R	309.58
lilly.lakshmy.5353@gmail.com	+919526950916	spaceCombo	TQ-Y2026E2020B284126	01:15 PM IST, 19 May 2026	confirmed	1	-	Shreelakshmy P B	671.97
felida2001@gmail.com	+917306418697	spaceCombo	TQ-Y2026E2020B284158	07:47 PM IST, 19 May 2026	confirmed	1	-	Sreenandana B	671.97
vandhitha08@gmail.com	+919840705946	spaceCombo	TQ-Y2026E2020B284160	08:14 PM IST, 19 May 2026	confirmed	1	-	Vandhitha Prabhu	671.97
ishankalra2006@gmail.com	+919041644577	spaceCombo	TQ-Y2026E2020B284219	05:09 PM IST, 20 May 2026	confirmed	1	-	Ishan Kalra	671.97
rgsreeparvathy@gmail.com	+917306822982	spaceCombo	TQ-Y2026E2020B284281	11:45 AM IST, 21 May 2026	confirmed	1	-	Sreeparvathy R G	671.97
agarwallaavishka56@gmail.com	+919395943190	spaceCombo	TQ-Y2026E2020B284475	05:44 PM IST, 23 May 2026	confirmed	1	-	Avishka Agarwalla	981.55
suvashvrokkala@gmail.com	+919010360451	spaceCombo	TQ-Y2026E2020B284740	04:57 PM IST, 27 May 2026	confirmed	1	-	Rokkala Suvashv	671.97
sanashaik5677@gmail.com	+919347100871	spaceCombo	TQ-Y2026E2020B284741	05:00 PM IST, 27 May 2026	confirmed	1	-	Shaik sana	671.97
idymfoundation@gmail.com	+918788705349	spaceCombo	TQ-Y2026E2020B284790	08:30 PM IST, 28 May 2026	confirmed	1	-	Pooja Wayal	671.97
das.sohamin@gmail.com	+919830638030	spaceCombo	TQ-Y2026E2020B284791	08:40 PM IST, 28 May 2026	confirmed	1	-	Soham Das	671.97
shreyasbasak@gmail.com	+919748334305	spaceCombo	TQ-Y2026E2020B284792	08:53 PM IST, 28 May 2026	confirmed	1	-	Shreyas Basak	671.97
ayshaazamunaser@gmail.com	+917907177544	spaceCombo	TQ-Y2026E2020B284815	09:16 AM IST, 30 May 2026	confirmed	1	-	Aysha Aza Munaser K	671.97
kavin.senthur@indusschoolpune.com	+919095055719	spaceCombo	TQ-Y2026E2020B284828	03:30 PM IST, 30 May 2026	confirmed	1	-	Kavinsenthur S S	1292.17
desaigopal2007@gmail.com	+917676654033	spaceCombo	TQ-Y2026E2020B284839	11:26 AM IST, 31 May 2026	confirmed	1	-	GOPAL CHIDAMBAR DESAI	1292.17
unmakaushik@gmail.com	+918422081889	spaceCombo	TQ-Y2026E2020B284844	12:35 PM IST, 31 May 2026	confirmed	1	-	Unma Kaushik	671.97
ameyakhanwalkar@gmail.com	+919892426468	spaceCombo	TQ-Y2026E2020B284847	02:46 PM IST, 31 May 2026	confirmed	1	-	Aayush Khanwalkar	671.97
shikhar.kulkarni10@gmail.com	+918999023124	spaceCombo	TQ-Y2026E2020B284857	09:13 AM IST, 01 Jun 2026	confirmed	1	-	Shikhar Kulkarni	671.97
me.adrikashrivastava@gmail.com	+919356084258	spaceCombo	TQ-Y2026E2020B284889	04:54 PM IST, 02 Jun 2026	confirmed	1	-	Adrika shrivastava	671.97
rahangdalearchana0510@gmail.com	+919309509922	spaceCombo	TQ-Y2026E2020B284895	08:56 PM IST, 02 Jun 2026	confirmed	1	-	Vansh Rahangdale	671.97
avanish.bharadwaja@gmail.com	+919019029849	spaceCombo	TQ-Y2026E2020B284907	09:27 PM IST, 04 Jun 2026	confirmed	1	-	avanish	981.55
itzmemohan143@gmail.com	+917904461273	spaceCombo	TQ-Y2026E2020B284922	01:10 PM IST, 05 Jun 2026	confirmed	1	-	Mohan Kumar	1292.17
varmashreya5606@gmail.com	+919558895606	spaceCombo	TQ-Y2026E2020B285058	12:08 PM IST, 09 Jun 2026	confirmed	1	-	Shreya Varma	671.97
aakashkrishnans@gmail.com	+919656328664	spaceCombo	TQ-Y2026E2020B285089	11:41 AM IST, 10 Jun 2026	confirmed	1	-	Akash Krishnan S	671.97
progameremail07@gmail.com	+919406237468	spaceCombo	TQ-Y2026E2020B285140	08:43 PM IST, 11 Jun 2026	confirmed	1	-	Aman Jangde	671.97
ashwinvjkgi@gmail.com	+919384826645	spaceCombo	TQ-Y2026E2020B285236	11:17 PM IST, 14 Jun 2026	confirmed	1	-	Ashwin V J	671.97
gundlaprajju@gmail.com	+919063264863	spaceCombo	TQ-Y2026E2020B285297	10:52 AM IST, 16 Jun 2026	confirmed	1	-	Gundala Prajwal	671.97
sv3356@srmist.edu.in	+918921422894	spaceCombo	TQ-Y2026E2020B285331	09:56 AM IST, 17 Jun 2026	confirmed	1	-	Saadhikaa VP	671.97
sarinapathan.2010@gmail.com	+919826061766	spaceCombo	TQ-Y2026E2020B286517	02:23 PM IST, 19 Jun 2026	confirmed	1	-	Sarina Pathan	671.97
nehaljain5911@gmail.com	+919981844396	spaceCombo	TQ-Y2026E2020B286552	02:20 AM IST, 20 Jun 2026	confirmed	1	-	NEHAL JAIN	671.97
gopalakrishnanayak67@gmail.com	+919447686277	spaceCombo	TQ-Y2026E2020B286553	06:18 AM IST, 20 Jun 2026	confirmed	1	-	Srushti nayak	671.97
a@b.com	+911234567890	merch	TQ-Y2026E2020B283499	04:47 PM IST, 05 May 2026	confirmed	1	-	q	0
kavin.senthur@indusschoolpune.com	+919095055719	merch	TQ-Y2026E2020B284829	03:30 PM IST, 30 May 2026	confirmed	1	-	Kavinsenthur S S	0
desaigopal2007@gmail.com	+917676654033	merch	TQ-Y2026E2020B284840	11:26 AM IST, 31 May 2026	confirmed	1	-	GOPAL CHIDAMBAR DESAI	0
nischit.etha@gmail.com	+918971301775	merch	TQ-Y2026E2020B284893	08:17 PM IST, 02 Jun 2026	confirmed	1	-	Nischit Etha	0
itzmemohan143@gmail.com	+917904461273	merch	TQ-Y2026E2020B284923	01:10 PM IST, 05 Jun 2026	confirmed	1	-	Mohan Kumar	0
amankuldeep05@gmail.com	+918003070030	merch	TQ-Y2026E2020B286580	10:18 AM IST, 20 Jun 2026	confirmed	1	-	Aman kuldeep	929.78
akashaman.sarkar@niser.ac.in	+918763682473	merch	TQ-Y2026E2020B286676	11:07 AM IST, 22 Jun 2026	confirmed	1	-	Akash Aman Sarkar	620.2
shradha532484@gmail.com	+917846920925	merch	TQ-Y2026E2020B286751	11:18 PM IST, 23 Jun 2026	confirmed	1	-	Shradhashree Rout	929.78
msftop6@gmail.com	+919000240917	merch	TQ-Y2026E2020B286872	02:27 PM IST, 27 Jun 2026	confirmed	1	-	Mudit Fatehpur	620.2
shrijhasuriyan@gmail.com	+916380090046	merch	TQ-Y2026E2020B287081	10:15 PM IST, 08 Jul 2026	confirmed	1	-	Shrijha.U	620.2
borgohainishita@gmail.com	+917637818607	aiCombo	TQ-Y2026E2020B284145	04:45 PM IST, 19 May 2026	confirmed	1	-	Nishita Borgohain	568.43
tilekaranuja@gmail.com	+919322370349	aiCombo	TQ-Y2026E2020B284865	11:34 AM IST, 01 Jun 2026	confirmed	1	-	Owee Tilekar	568.43
727apoorva.singh@gmail.com	+918180943900	aiCombo	TQ-Y2026E2020B284876	08:18 PM IST, 01 Jun 2026	confirmed	1	-	Archit singh	568.43
munshibavengassery@gmail.com	+919847246817	aiCombo	TQ-Y2026E2020B284917	12:49 PM IST, 05 Jun 2026	confirmed	1	-	Munshiba vengassery	568.43
hariharan120208@gmail.com	+919361564054	aiCombo	TQ-Y2026E2020B285056	11:18 AM IST, 09 Jun 2026	confirmed	1	-	Hariharan M	568.43
harshitha15727@gmail.com	+919344991922	aiCombo	TQ-Y2026E2020B285082	10:32 AM IST, 10 Jun 2026	confirmed	1	-	HARSHITHA B	568.43
aarya.sovani@gmail.com	+919673997740	aiCombo	TQ-Y2026E2020B285162	06:26 PM IST, 12 Jun 2026	confirmed	1	-	Aarya Sovani	568.43
aprk2507@gmail.com	+916374161729	aiCombo	TQ-Y2026E2020B285198	09:05 AM IST, 14 Jun 2026	confirmed	1	-	R K AMRITHAPRABHA	568.43
anooja.asap@gmail.com	+919846132862	aiCombo	TQ-Y2026E2020B285241	10:33 AM IST, 15 Jun 2026	confirmed	1	-	Anooja B	568.43
kareesma07@gmail.com	+919487711338	aiCombo	TQ-Y2026E2020B285307	07:25 PM IST, 16 Jun 2026	confirmed	1	-	Kareesma J P	568.43
kirtiprakash2008@gmail.com	+919900177327	aiCombo	TQ-Y2026E2020B285326	11:42 PM IST, 16 Jun 2026	confirmed	1	-	Kirti Prakash	568.43
mandalsohaam7@gmail.com	+917601994624	aiCombo	TQ-Y2026E2020B285372	12:40 AM IST, 18 Jun 2026	confirmed	1	-	SOHAAM MANDAL	568.43
jyashwant454@gmail.com	+916382289145	aiCombo	TQ-Y2026E2020B285393	05:52 PM IST, 18 Jun 2026	confirmed	1	-	Yashwanth	568.43
rgaserkar1979@gmail.com	+918308604832	aiCombo	TQ-Y2026E2020B286524	03:57 PM IST, 19 Jun 2026	confirmed	1	-	Arnav Ganesh Aserkar	568.43
24harini2008@gmail.com	+917449137106	aiCombo	TQ-Y2026E2020B286532	05:59 PM IST, 19 Jun 2026	confirmed	1	-	Harini V	568.43
anuragsaroya2004@gmail.com	+917056677901	mega combo	TQ-Y2026E2020B284265	01:05 AM IST, 21 May 2026	confirmed	1	-	ANURAG SAROYA	1189.67
rparab.2005@gmail.com	+918600957829	mega combo	TQ-Y2026E2020B284292	05:06 PM IST, 21 May 2026	confirmed	1	-	Raunak Parab	1189.67
aditya.maijorwar@gmail.com	+918218147729	mega combo	TQ-Y2026E2020B284461	02:26 PM IST, 23 May 2026	confirmed	1	-	Aditya Maijorwar	1189.67
mudambisnehaprakash@gmail.com	+919900024310	mega combo	TQ-Y2026E2020B284719	12:35 PM IST, 27 May 2026	confirmed	1	-	Abhay S Koundinya	1189.67
neeljanugade29@gmail.com	+918805772020	mega combo	TQ-Y2026E2020B284837	08:56 AM IST, 31 May 2026	confirmed	1	-	Neel Abhijit Janugade	1189.67
nirvaanganatra@gmail.com	+919930779552	mega combo	TQ-Y2026E2020B284838	11:01 AM IST, 31 May 2026	confirmed	1	-	Nirvaan Ganatra	1189.67
anshul.agarwal04@gmail.com	+917387087032	mega combo	TQ-Y2026E2020B284853	07:08 PM IST, 31 May 2026	confirmed	1	-	Vihaan Agarwal	1189.67
verma.riy4@gmail.com	+919325710141	mega combo	TQ-Y2026E2020B284875	08:11 PM IST, 01 Jun 2026	confirmed	1	-	Riya Verma	1189.67
jhalakdentist@gmail.com	+919106294632	mega combo	TQ-Y2026E2020B284885	11:55 AM IST, 02 Jun 2026	confirmed	1	-	Nabhya gandhi	1189.67
viditbhati@gmail.com	+919284576023	mega combo	TQ-Y2026E2020B284900	08:33 PM IST, 03 Jun 2026	confirmed	1	-	Vidit Bhati	1189.67
mahathini.jothi@gmail.com	+917339492211	mega combo	TQ-Y2026E2020B284906	04:50 PM IST, 04 Jun 2026	confirmed	1	-	Mahathini Shree S	1189.67
adwaithjbn@gmail.com	+918075791366	mega combo	TQ-Y2026E2020B284929	01:40 PM IST, 05 Jun 2026	confirmed	1	-	J B ADWAITH	1189.67
niranjanabisra1@gmail.com	+919496450858	mega combo	TQ-Y2026E2020B284943	10:04 PM IST, 05 Jun 2026	confirmed	1	-	NIRANJANA BISRA	1189.67
basilbinu10000@gmail.com	+919188234733	mega combo	TQ-Y2026E2020B285022	09:51 PM IST, 07 Jun 2026	confirmed	1	-	Basil Binu Jacob	1189.67
saanvi.anand1105@gmail.com	+919835299026	mega combo	TQ-Y2026E2020B285040	07:08 PM IST, 08 Jun 2026	confirmed	1	-	Saanvi Anand	1189.67
vshrihari2007@gmail.com	+918838085460	mega combo	TQ-Y2026E2020B285127	03:07 PM IST, 11 Jun 2026	confirmed	1	-	Shrihari V	1189.67
futureumarshakir@gmail.com	+919611730273	mega combo	TQ-Y2026E2020B285128	03:19 PM IST, 11 Jun 2026	confirmed	1	-	UMAR SHAKIR AHMED	1189.67
joshithask2@gmail.com	+917845055372	mega combo	TQ-Y2026E2020B285182	03:25 PM IST, 13 Jun 2026	confirmed	1	-	JOSHITHA S K	1189.67
aishukalai111@gmail.com	+919384832227	mega combo	TQ-Y2026E2020B285201	11:43 AM IST, 14 Jun 2026	confirmed	1	-	R. Aishwarya	1189.67
krishnamaringanti15@gmail.com	+919550266733	mega combo	TQ-Y2026E2020B285299	11:45 AM IST, 16 Jun 2026	confirmed	1	-	MARINGANTI KRISHNA SAURABH	1189.67
gkmeera@gmail.com	+919712996736	mega combo	TQ-Y2026E2020B285403	11:46 PM IST, 18 Jun 2026	confirmed	1	-	Ammar Sellam Gulam	1189.67
garvita.25bas10034@vitbhopal.ac.in	+919056444299	summer school+merch	TQ-Y2026E2020B284305	12:38 AM IST, 22 May 2026	confirmed	1	-	Garvita Srivastava	1759.14
vaibhav.25bas10060@vitbhopal.ac.in	+918178960298	summer school+merch	TQ-Y2026E2020B284306	12:39 AM IST, 22 May 2026	confirmed	1	-	Vaibhav Ranjan	1759.14
aanyakhanna0311@gmail.com	+919816003989	summer school+merch	TQ-Y2026E2020B284548	07:20 PM IST, 24 May 2026	confirmed	1	-	Aanya Khanna	1759.14
maahir.anjanaa@gmail.com	+919426896983	summer school+merch	TQ-Y2026E2020B284600	05:15 PM IST, 25 May 2026	confirmed	1	-	Maahir Aagzaa	1759.14
harrshapidakala@gmail.com	+918742950808	summer school+merch	TQ-Y2026E2020B284735	03:38 PM IST, 27 May 2026	confirmed	1	-	Harrsha Pidakala	1759.14
kkiran_kamble@rediffmail.com	+919820279245	summer school+merch	TQ-Y2026E2020B284846	01:54 PM IST, 31 May 2026	confirmed	1	-	Ishan Kiran Kamble	1759.14
sruthijs202020@gmail.com	+918075929160	summer school+merch	TQ-Y2026E2020B284898	06:25 PM IST, 03 Jun 2026	confirmed	1	-	SRUTHI J S	1759.14
shaakhee007@gmail.com	+919406359002	summer school+merch	TQ-Y2026E2020B284948	12:34 AM IST, 06 Jun 2026	confirmed	1	-	Shaakhee Tiwari	1759.14
tanushree.govil@gmail.com	+919902359757	summer school+merch	TQ-Y2026E2020B285174	09:49 AM IST, 13 Jun 2026	confirmed	1	-	Nivedh Govil	1759.14
aaru.treize@gmail.com	+918296025780	summer school+merch	TQ-Y2026E2020B285248	11:23 AM IST, 15 Jun 2026	confirmed	1	-	Aarush Sripathi	1759.14
sonoa7489@gmail.com	+916003727297	summer school+merch	TQ-Y2026E2020B287045	02:02 AM IST, 07 Jul 2026	confirmed	1	-	Aradhana Sonowal	1034.36
sidval25@gmail.com	+919828915841	summer school+merch	TQ-Y2026E2020B287069	05:23 PM IST, 08 Jul 2026	confirmed	1	-	Siddharth Sharma	1034.36
vinitkumar25@kgpian.iitkgp.ac.in	+919166336372	summer school+merch	TQ-Y2026E2020B287073	08:16 PM IST, 08 Jul 2026	confirmed	1	-	Vinit Kumar	1034.36
maahir.anjanaa@gmail.com	+919426896983	summer school	TQ-Y2026E2020B285351	05:39 PM IST, 17 Jun 2026	confirmed	1	-	Maahir Aagzaa	516.66
satishsays@gmail.com	+919831821317	summer school	TQ-Y2026E2020B286628	02:11 PM IST, 21 Jun 2026	confirmed	1	-	Danish Jaiswal	516.66
shravyagulla@gmail.com	+916591525253	summer school	TQ-Y2026E2020B286644	08:05 PM IST, 21 Jun 2026	confirmed	1	-	Shravya Gulla	878.01
rabiyakhalid.1003@gmail.com	+919109223585	summer school	TQ-Y2026E2020B286683	02:55 PM IST, 22 Jun 2026	confirmed	1	-	Rabiya Khalid	516.66
adityarhegdekatte@gmail.com	+918050659203	summer school	TQ-Y2026E2020B286685	03:52 PM IST, 22 Jun 2026	confirmed	1	-	Aditya .R. Hegdekatte	516.66
deepikaleo@outlook.com	+918525087803	summer school	TQ-Y2026E2020B286689	07:10 PM IST, 22 Jun 2026	confirmed	1	-	Deepika L	516.66
pavithra.sj@gmail.com	+919986123021	summer school	TQ-Y2026E2020B286719	02:51 PM IST, 23 Jun 2026	confirmed	1	-	Pavithra Solai	516.66
ankitatamrakar5@gmail.com	+918296188803	summer school	TQ-Y2026E2020B286720	04:27 PM IST, 23 Jun 2026	confirmed	1	-	Ankita Tamrakar	516.66
aditi.kannan04@gmail.com	+918870263639	summer school	TQ-Y2026E2020B286721	04:57 PM IST, 23 Jun 2026	confirmed	1	-	Aditi Kannan	516.66
amruthak1969@gmail.com	+918197182684	summer school	TQ-Y2026E2020B286732	06:45 PM IST, 23 Jun 2026	confirmed	1	-	Amrutha K	516.66
akashaman.sarkar@niser.ac.in	+918763682473	summer school	TQ-Y2026E2020B286734	07:29 PM IST, 23 Jun 2026	confirmed	1	-	Akash Aman Sarkar	516.66
nidhingeorgevarghese@gmail.com	+919496153618	summer school	TQ-Y2026E2020B286767	12:51 PM IST, 24 Jun 2026	confirmed	1	-	NIDHIN GEORGE VARGHESE	516.66
sanmain857@gmail.com	+919176350924	summer school	TQ-Y2026E2020B286818	10:37 PM IST, 25 Jun 2026	confirmed	1	-	Sandeep S	516.66
vishnuchovvayil2004@gmail.com	+917994144086	summer school	TQ-Y2026E2020B286837	01:21 PM IST, 26 Jun 2026	confirmed	1	-	VISHNU C	516.66
vrhpatel2000@gmail.com	+919327542076	summer school	TQ-Y2026E2020B286839	01:43 PM IST, 26 Jun 2026	confirmed	1	-	Vishwas Patel	516.66
rohan.chakraborty.phy@gmail.com	+916291606399	summer school	TQ-Y2026E2020B286882	06:19 PM IST, 27 Jun 2026	confirmed	1	-	Rohan Chakraborty	516.66
dattadebarun4@gmail.com	+917044483264	summer school	TQ-Y2026E2020B286892	09:40 PM IST, 27 Jun 2026	confirmed	1	-	Debarun Datta	516.66
nvohra@hotmail.com	+919960620406	summer school	TQ-Y2026E2020B286893	10:16 PM IST, 27 Jun 2026	confirmed	1	-	Neeti Vohra	516.66
majiankusha1@gmail.com	+916291567147	summer school	TQ-Y2026E2020B286925	09:39 PM IST, 28 Jun 2026	confirmed	1	-	Ankusha Maji	516.66
swarnimneema@gmail.com	+916155221305	summer school	TQ-Y2026E2020B286928	09:06 AM IST, 29 Jun 2026	confirmed	1	-	Swarnim Neema	516.66
pb2778@ee.agemc.ac.in	+918436428192	summer school	TQ-Y2026E2020B286929	01:20 AM IST, 30 Jun 2026	confirmed	1	-	PIYAS BHATTACHARYA	516.66
jincythms@gmail.com	+919595467302	summer school	TQ-Y2026E2020B286930	05:36 AM IST, 30 Jun 2026	confirmed	1	-	Jincy Thomas	516.66
vineshs278@gmail.com	+919342466949	summer school	TQ-Y2026E2020B286931	08:01 AM IST, 30 Jun 2026	confirmed	1	-	Vinesh S	516.66
mehdabinenoushad@gmail.com	+917558830156	summer school	TQ-Y2026E2020B286944	09:57 PM IST, 01 Jul 2026	confirmed	1	-	Mehdabin E N	516.66
vasanth.chockalingam@gmail.com	+918971053344	summer school	TQ-Y2026E2020B286978	09:29 PM IST, 03 Jul 2026	confirmed	1	-	Vasanth Chockalingam	516.66
srinivas@ecoenvie.in	+919444785222	summer school	TQ-Y2026E2020B286983	11:31 PM IST, 03 Jul 2026	confirmed	1	-	Srinivas Edireswarapu	516.66
hemanthraj0987654321@gmail.com	+919744867995	summer school	TQ-Y2026E2020B286986	11:53 PM IST, 03 Jul 2026	confirmed	1	-	Hemanth Raj	516.66
kamnabhaskar@gmail.com	+919911437461	summer school	TQ-Y2026E2020B286990	12:34 PM IST, 04 Jul 2026	confirmed	1	-	Kamna Biju Bhaskaran	516.66
tve24ee116@cet.ac.in	+917001164665	summer school	TQ-Y2026E2020B287013	07:42 PM IST, 05 Jul 2026	confirmed	1	-	PRATIKSHA BAIRAGI	516.66
vedamanickam@saec.ac.in	+919940529253	summer school	TQ-Y2026E2020B287016	09:14 PM IST, 05 Jul 2026	confirmed	1	-	VEDAMANICKAM D	516.66
madhurksofficial@gmail.com	+918178706423	summer school	TQ-Y2026E2020B287027	03:37 PM IST, 06 Jul 2026	confirmed	1	-	Madhur Krishna Saurabh	516.66
94singhakanksha@gmail.com	+918757647363	summer school	TQ-Y2026E2020B287058	10:45 PM IST, 07 Jul 2026	confirmed	1	-	Akanksha Singh	516.66
hasancool4104@gmail.com	+918756023737	summer school	TQ-Y2026E2020B287060	02:19 PM IST, 08 Jul 2026	confirmed	1	-	Mohammad Hasan Iqbal	516.66
rohithiyer1911@gmail.com	+919425393988	summer school	TQ-Y2026E2020B287064	02:46 PM IST, 08 Jul 2026	confirmed	1	-	Rohith Iyer	516.66
nehamahajan1700@gmail.com	+919459898948	summer school	TQ-Y2026E2020B287065	02:52 PM IST, 08 Jul 2026	confirmed	1	-	Neha Mahajan	516.66
priyeshbhardwaj7856@gmail.com	+917828148964	summer school	TQ-Y2026E2020B287074	08:24 PM IST, 08 Jul 2026	confirmed	1	-	Priyesh Bhardwaj	516.66
25ep01014@iitbbs.ac.in	+919717900312	summer school	TQ-Y2026E2020B287075	09:03 PM IST, 08 Jul 2026	confirmed	1	-	Saanvi Gupta	516.66
mokshchandrakar04@gmail.com	+918770009735	summer school	TQ-Y2026E2020B287086	11:45 PM IST, 08 Jul 2026	confirmed	1	-	Moksh Chandrakar	516.66
adi0224tya@gmail.com	+919696990364	summer school	TQ-Y2026E2020B287088	07:14 AM IST, 09 Jul 2026	confirmed	1	-	Aditya Gupta	516.66
roshanisharma2607@gmail.com	+919452003524	summer school	TQ-Y2026E2020B287090	01:05 PM IST, 09 Jul 2026	confirmed	1	-	Roshani Sharma	516.66
shahsaba376@gmail.com	+919682377044	summer school	TQ-Y2026E2020B287100	11:50 AM IST, 10 Jul 2026	confirmed	1	-	Saba Shakeel	516.66
chetnamundra15@gmail.com	+917888837201	summer school	TQ-Y2026E2020B287102	12:18 PM IST, 10 Jul 2026	confirmed	1	-	Chetna Mundra	516.66
saumyalokhandwala@gmail.com	+919324296682	summer school	TQ-Y2026E2020B287113	06:14 PM IST, 11 Jul 2026	confirmed	1	-	Saumya N Lokhandwala	516.66
mh3222712@gmail.com	+918957865496	summer school	TQ-Y2026E2020B287118	11:56 PM IST, 11 Jul 2026	confirmed	1	-	Mohammad Hasan	516.66
sooryasundar2518@gmail.com	+919778120053	summer school	TQ-Y2026E2020B287121	11:40 AM IST, 12 Jul 2026	confirmed	1	-	Soorya Sundar	516.66
abhishekgupta22898@gmail.com	+918709065143	summer school	TQ-Y2026E2020B287122	12:46 PM IST, 12 Jul 2026	confirmed	1	-	Abhishek Gupta	516.66
bhowmikanku05@gmail.com	+917686077601	summer school	TQ-Y2026E2020B287134	08:04 PM IST, 12 Jul 2026	confirmed	1	-	Ankita Bhowmik	516.66
sanjana.physics003@gmail.com	+918777297433	summer school	TQ-Y2026E2020B287135	08:13 PM IST, 12 Jul 2026	confirmed	1	-	Sanjana Sriwastava	516.66
aravindshetkar94@gmail.com	+918749092949	summer school	TQ-Y2026E2020B287136	09:03 PM IST, 12 Jul 2026	confirmed	1	-	Aravind	516.66
kalidasdk15@gmail.com	+918075231226	summer school	TQ-Y2026E2020B287141	02:07 PM IST, 13 Jul 2026	confirmed	1	-	Kalidas D K	516.66
ph25007@iisermohali.ac.in	+919990399375	summer school	TQ-Y2026E2020B287143	04:06 PM IST, 13 Jul 2026	confirmed	1	-	Govind Kumar	516.66
yadavpoonamgs@gmail.com	+919115294058	summer school	TQ-Y2026E2020B287146	04:33 PM IST, 13 Jul 2026	confirmed	1	-	POONAM YADAV	516.66
sayanbhatta2002@gmail.com	+918620983375	summer school	TQ-Y2026E2020B287148	05:29 PM IST, 13 Jul 2026	confirmed	1	-	Sayan Bhattacharya	516.66
sonuas1729@gmail.com	+917025430889	summer school	TQ-Y2026E2020B287152	07:43 PM IST, 13 Jul 2026	confirmed	1	-	Sonu A S	516.66
devikasmail2003@gmail.com	+917736089070	summer school	TQ-Y2026E2020B287155	09:59 PM IST, 13 Jul 2026	confirmed	1	-	Devika S	516.66
shahjahaan392@gmail.com	+919121589810	summer school	TQ-Y2026E2020B287156	01:07 AM IST, 14 Jul 2026	confirmed	1	-	Babu Shahjahaan	516.66
venkatasairajubhattu@gmail.com	+918099780669	summer school	TQ-Y2026E2020B287157	12:19 PM IST, 14 Jul 2026	confirmed	1	-	Venkata Sai Raju	516.66
janhavichaurasia216@gmail.com	+919519995556	summer school	TQ-Y2026E2020B287159	02:43 PM IST, 14 Jul 2026	confirmed	1	-	Janhavi Chaurasia	516.66
2025pgphph29@nitjsr.ac.in	+918399929733	summer school	TQ-Y2026E2020B287161	12:23 AM IST, 15 Jul 2026	confirmed	1	-	Bornali Dey	516.66
bha.div2007@gmail.com	+919870532740	summer school	TQ-Y2026E2020B287162	11:32 AM IST, 15 Jul 2026	confirmed	1	-	Bhavya Bhardwaj	516.66
tanaybinwal@gmail.com	9036824401	Events - Conscientia 2026 Escape the Upside Down	TQ-Y2026E2020B299902	05:28 PM IST, 08 Sep 2026	confirmed	1	-	Tanay Binwal	129.42
dimpalsinghlakhnot@gmail.com	7878376273	Events - Conscientia 2026 Escape the Upside Down	TQ-Y2026E2020B299905	05:39 PM IST, 08 Sep 2026	confirmed	1	-	Dimpal Singh	0
dixittharunraja@gmail.com	9597527581	Events - Conscientia 2026 RC RallyCross	TQ-Y2026E2020B299322	01:35 AM IST, 04 Sep 2026	confirmed	1	-	Dixit Tharun Raja P	0
dixittharunraja@gmail.com	9597527581	Events - Conscientia 2026 - Clash Royale	TQ-Y2026E2020B299323	01:35 AM IST, 04 Sep 2026	confirmed	1	-	Dixit Tharun Raja P	0
tanaybinwal@gmail.com	9036824401	Events - Conscientia 2026 - Cicada	TQ-Y2026E2020B299898	05:08 PM IST, 08 Sep 2026	confirmed	1	-	Tanay Binwal	0
dimpalsinghlakhnot@gmail.com	7878376273	Events - Conscientia 2026 - Cicada	TQ-Y2026E2020B299903	05:39 PM IST, 08 Sep 2026	confirmed	1	-	Dimpal Singh	541.5
edu.kurmananda@gmail.com	09491978534	Events - Conscientia 2026 - Cicada	TQ-Y2026E2020B300339	02:38 PM IST, 12 Sep 2026	confirmed	1	-	Kurmananda Pavan Sai Buragana	640.9
edu.kurmananda@gmail.com	09491978534	Events - Conscientia 2026 - Cicada	TQ-Y2026E2020B300346	02:48 PM IST, 12 Sep 2026	confirmed	1	-	Kurmananda Pavan Sai Buragana	0
shyam23vinay@gmail.com	8558055778	Events - Conscientia 2026 - Cicada	TQ-Y2026E2020B300669	12:54 AM IST, 15 Sep 2026	confirmed	1	-	Shyam Vinay	102.5
hrutuj.sd@gmail.com	8855939576	Events - Conscientia 2026 CANSAT	TQ-Y2026E2020B289818	07:05 PM IST, 11 Aug 2026	confirmed	1	-	Hrutuj Dudhabale	1034.36
suvashvrokkala@gmail.com	9010360451	Events - Conscientia 2026 CANSAT	TQ-Y2026E2020B299041	06:05 PM IST, 26 Aug 2026	confirmed	1	-	Rokkala Suvashv	1034.36
ayushhagawane967@gmail.com	8888560909	Events - Conscientia 2026 CANSAT	TQ-Y2026E2020B299300	09:40 PM IST, 03 Sep 2026	confirmed	1	-	Ayush Sudhir Hagawane	1034.36
yuvrajgaykhe.17@gmail.com	7276310480	Events - Conscientia 2026 CANSAT	TQ-Y2026E2020B299844	12:20 PM IST, 08 Sep 2026	confirmed	1	-	Yuvraj Gaykhe	1500.29
zaidmomin2006@gmail.com	7888270807	Events - Conscientia 2026 CANSAT	TQ-Y2026E2020B300135	10:51 PM IST, 10 Sep 2026	confirmed	1	-	Zaid Momin	1034.36
gp269481@gmail.com	8261903100	Events - Conscientia 2026 CANSAT	TQ-Y2026E2020B300136	10:54 PM IST, 10 Sep 2026	confirmed	1	-	GANESH PATIL	1034.36
sreeharimeera006@gmail.com	8129887185	Events - Conscientia 2026 CANSAT	TQ-Y2026E2020B300141	11:13 PM IST, 10 Sep 2026	confirmed	1	-	Sreehari M	1034.36
kshitij.bhalerao25@pccoepune.org	9699977048	Events - Conscientia 2026 CANSAT	TQ-Y2026E2020B300267	12:48 AM IST, 12 Sep 2026	confirmed	1	-	KSHITIJ BALASAHEB BHALERAO	0
amaljoy0020@gmail.com	8289882877	Events - Conscientia 2026 CANSAT	TQ-Y2026E2020B300282	10:26 AM IST, 12 Sep 2026	confirmed	1	-	Amal joy	1034.36
shreyaspadmakumar18@gmail.com	7736877290	Events - Conscientia 2026 CANSAT	TQ-Y2026E2020B300658	10:02 PM IST, 14 Sep 2026	confirmed	1	-	Shreyas M P	1034.36
aswinudayofficial@gmail.com	8075352419	Events - Conscientia 2026  Dronetrix	TQ-Y2026E2020B299318	12:47 AM IST, 04 Sep 2026	confirmed	1	-	Aswin Uday	827.28
sayoojksujith@gmail.com	6282053769	Events - Conscientia 2026  Dronetrix	TQ-Y2026E2020B300450	11:36 PM IST, 12 Sep 2026	confirmed	1	-	Sayooj K Sujith	827.28
theertharajeshplr@gmail.com	9497359707	Workshops- Conscientia 2026 (id-2)	TQ-Y2026E2020B299001	07:05 PM IST, 25 Aug 2026	confirmed	1	-	Theertha Rajesh	0
vs.vaishnavi08@gmail.com	7012881524	Workshops- Conscientia 2026 (id-2)	TQ-Y2026E2020B299006	07:09 PM IST, 25 Aug 2026	confirmed	1	-	Vaishnavi Vinod	0
dd.dayaa.30@gmail.com	9961881209	Workshops- Conscientia 2026 (id-2)	TQ-Y2026E2020B299011	07:26 PM IST, 25 Aug 2026	confirmed	1	-	Daya S	0
abhinavsreelal84@gmail.com	6235525997	Workshops- Conscientia 2026 (id-2)	TQ-Y2026E2020B299013	07:26 PM IST, 25 Aug 2026	confirmed	1	-	Abhinav S	0
trishanbar123@gmail.com	8100373445	Workshops- Conscientia 2026 (id-2)	TQ-Y2026E2020B299495	01:57 AM IST, 06 Sep 2026	confirmed	1	-	Trishan Bar	0
rishinathshaji434@gmail.com	8921176327	Workshops- Conscientia 2026 (id-2)	TQ-Y2026E2020B299522	10:19 AM IST, 06 Sep 2026	confirmed	1	-	Rishinadh S	0
babasathwikpeddireddy@gmail.com	9493938674	Workshops- Conscientia 2026 (id-2)	TQ-Y2026E2020B299899	05:14 PM IST, 08 Sep 2026	confirmed	1	-	Baba sathwik Peddireddy	308.54
sayar.meel2000@gmail.com	8902282351	Workshops- Conscientia 2026 (id-2)	TQ-Y2026E2020B300152	07:44 AM IST, 11 Sep 2026	confirmed	1	-	Sayar Meel	0
markjerith@gmail.com	9080980220	Workshops- Conscientia 2026 (id-2)	TQ-Y2026E2020B300324	01:27 PM IST, 12 Sep 2026	confirmed	1	-	mark jerith	308.54
jibishajohn@gmail.com	8300645029	Workshops- Conscientia 2026 (id-2)	TQ-Y2026E2020B300351	03:42 PM IST, 12 Sep 2026	confirmed	1	-	Jibisha J H	154.27
vishnupriya160806@gmail.com	8098847776	Workshops- Conscientia 2026 (id-2)	TQ-Y2026E2020B300352	03:45 PM IST, 12 Sep 2026	confirmed	1	-	Vishnu Priya R	154.27
mnslekha@gmail.com	6302577291	Merch - Tote bag	TQ-Y2026E2020B299021	09:44 PM IST, 25 Aug 2026	confirmed	1	-	Manunuru Naga Sree Lekha	463.85
u20hemamaliniab@gmail.com	9345721516	Merch - Tote bag	TQ-Y2026E2020B300424	10:25 PM IST, 12 Sep 2026	confirmed	1	-	HEMAMALINI AB	0
yazhisan.dev@gmail.com	9363440031	Merch - Tshirt [Timefall]	TQ-Y2026E2020B299341	01:43 AM IST, 04 Sep 2026	confirmed	1	-	YAZHISAN	0
dwijdubal19@gmail.com	9099416453	Merch - Tshirt [Timefall]	TQ-Y2026E2020B299804	08:05 AM IST, 08 Sep 2026	confirmed	1	-	Dwij Dubal	2172.26
priyatham81@gmail.com	8074090450	Events - Conscientia 2026 - Galactic Gambit	TQ-Y2026E2020B290099	01:41 PM IST, 16 Aug 2026	confirmed	1	-	Priyatham	102.5
sreeharshith007@gmail.com	7032542999	Events - Conscientia 2026 - ThrillTopia	TQ-Y2026E2020B299231	08:45 PM IST, 02 Sep 2026	confirmed	1	-	Sree Harshith Chilkuri	102.5
edu.kurmananda@gmail.com	09491978534	Events - Conscientia 2026 - ThrillTopia	TQ-Y2026E2020B300627	02:03 PM IST, 14 Sep 2026	confirmed	1	-	Kurmananda Pavan Sai Buragana	0
adarshachandra31082005@gmail.com	8777650767	Events - Conscientia 2026 - Integration Bee	TQ-Y2026E2020B290443	09:47 PM IST, 21 Aug 2026	confirmed	1	-	Adarsha Chandra	206.04
tanaybinwal@gmail.com	9036824401	Events - Conscientia 2026 -A Hogwarts Mystery	TQ-Y2026E2020B299897	05:08 PM IST, 08 Sep 2026	confirmed	1	-	Tanay Binwal	412.08
dimpalsinghlakhnot@gmail.com	7878376273	Events - Conscientia 2026 -A Hogwarts Mystery	TQ-Y2026E2020B299904	05:39 PM IST, 08 Sep 2026	confirmed	1	-	Dimpal Singh	0
dixittharunraja@gmail.com	9597527581	Events - Conscientia 2026 Arduino Hackathon	TQ-Y2026E2020B299320	01:35 AM IST, 04 Sep 2026	confirmed	1	-	Dixit Tharun Raja P	1756.02
dixittharunraja@gmail.com	9597527581	Events - Conscientia 2026 - Maze Solver	TQ-Y2026E2020B299321	01:35 AM IST, 04 Sep 2026	confirmed	1	-	Dixit Tharun Raja P	0
suryanshpandeycmf@gmail.com	8081826880	Events - Conscientia 2026 -RC Plane	TQ-Y2026E2020B300080	12:10 AM IST, 10 Sep 2026	confirmed	1	-	Suryansh Pandey	0
whitehawk5555p@gmail.com	7307674567	Events - Conscientia 2026 -RC Plane	TQ-Y2026E2020B300098	01:11 PM IST, 10 Sep 2026	confirmed	1	-	C.N.PALANI VEL RAJAN	723.74
larohit2008@gmail.com	7845739606	Events - Conscientia 2026 -RC Plane	TQ-Y2026E2020B300217	09:48 PM IST, 11 Sep 2026	confirmed	1	-	Rohit LA	723.74
deepak_b241137me@nitc.ac.in	6383335251	Events - Conscientia 2026 -RC Plane	TQ-Y2026E2020B300391	07:49 PM IST, 12 Sep 2026	confirmed	1	-	S Deepak Raam	723.74
bhandari_b240565ee@nitc.ac.in	8451951152	Events - Conscientia 2026 -RC Plane	TQ-Y2026E2020B300405	09:20 PM IST, 12 Sep 2026	confirmed	1	-	BHANDARI DAKSH NAYARAM	723.74
kirubanithib93@gmail.com	9345354756	Events - Conscientia 2026 -RC Plane	TQ-Y2026E2020B300436	11:08 PM IST, 12 Sep 2026	confirmed	1	-	Kirubanithi	723.74
sohamspadhye2007@gmail.com	8356898403	Events - Conscientia 2026 - HackOrbital Team	TQ-Y2026E2020B299379	02:04 PM IST, 04 Sep 2026	confirmed	1	-	Soham Padhye	1862.68
ajinkya.syntax404@gmail.com	7219736681	Events - Conscientia 2026 - HackOrbital Team	TQ-Y2026E2020B300174	02:34 PM IST, 11 Sep 2026	confirmed	1	-	Ajinkya Deore	1862.68
aswanthos77@gmail.com	8943435556	Accommodation	TQ-Y2026E2020B290655	03:39 PM IST, 24 Aug 2026	confirmed	1	-	ASWANTH O S	1376.03
yazhisan.dev@gmail.com	9363440031	Accommodation	TQ-Y2026E2020B299336	01:43 AM IST, 04 Sep 2026	confirmed	3	-	YAZHISAN	4315.53
amprinsalmichael@gmail.com	77084 96505	Accommodation	TQ-Y2026E2020B299485	10:33 PM IST, 05 Sep 2026	confirmed	4	-	Amprin Sal M. A	2453.89
rishinathshaji434@gmail.com	8921176327	Accommodation	TQ-Y2026E2020B299516	10:19 AM IST, 06 Sep 2026	confirmed	3	-	Rishinadh S	5865.51
yuvrajgaykhe.17@gmail.com	7276310480	Accommodation	TQ-Y2026E2020B299845	12:20 PM IST, 08 Sep 2026	confirmed	1	-	Yuvraj Gaykhe	0
anujchoudhary.251me109@nitk.edu.in	9119162507	Accommodation	TQ-Y2026E2020B299954	11:12 PM IST, 08 Sep 2026	confirmed	2	-	Anuj Choudhary	1128.57
sohamspadhye2007@gmail.com	8356898403	Accommodation	TQ-Y2026E2020B299958	11:12 PM IST, 08 Sep 2026	confirmed	2	-	Soham Padhye	1489.92
ryanrp2211@gmail.com	9707720843	Accommodation	TQ-Y2026E2020B299963	11:19 PM IST, 08 Sep 2026	confirmed	2	-	Raktim Phukan	1128.57
vedant.r.s.4512@gmail.com	7385972285	Accommodation	TQ-Y2026E2020B299967	11:19 PM IST, 08 Sep 2026	confirmed	2	-	Vedant	1128.57
sujalsirsikar333@gmail.com	8431930752	Accommodation	TQ-Y2026E2020B299972	11:21 PM IST, 08 Sep 2026	confirmed	2	-	Sujal Sirsikar	0
arjunpoojary78@gmail.com	7760364404	Accommodation	TQ-Y2026E2020B299975	12:31 AM IST, 09 Sep 2026	confirmed	2	-	Arjun Surendra	1128.57
suryanshpandeycmf@gmail.com	8081826880	Accommodation	TQ-Y2026E2020B300077	12:10 AM IST, 10 Sep 2026	confirmed	3	-	Suryansh Pandey	2587.45
sachin00349kumar@gmail.com	9905823189	Accommodation	TQ-Y2026E2020B300145	03:18 AM IST, 11 Sep 2026	confirmed	3	-	Sachin Kumar	1863.71
shekharpuneet648@gmail.com	9555133636	Accommodation	TQ-Y2026E2020B300194	07:58 PM IST, 11 Sep 2026	confirmed	3	-	Puneet Singh	1863.71
at1921563@gmail.com	6387214811	Accommodation	TQ-Y2026E2020B300207	09:19 PM IST, 11 Sep 2026	confirmed	3	-	Ayush Tiwari	1863.71
sarcasticdheeraj@gmail.com	7390066498	Accommodation	TQ-Y2026E2020B300211	09:25 PM IST, 11 Sep 2026	confirmed	3	-	Dheeraj Sharma	1863.71
poorva.sawant25@pccoepune.org	9579686669	Accommodation	TQ-Y2026E2020B300220	10:02 PM IST, 11 Sep 2026	confirmed	2	-	Poorva Sawant	1076.8
kshitij.bhalerao25@pccoepune.org	9699977048	Accommodation	TQ-Y2026E2020B300265	12:48 AM IST, 12 Sep 2026	confirmed	2	-	KSHITIJ BALASAHEB BHALERAO	2111.16
k.abirami17062005@gmail.com	9025869082	Accommodation	TQ-Y2026E2020B300283	10:50 AM IST, 12 Sep 2026	confirmed	2	-	Abirami K	2639.23
divyasriindirani@gmail.com	9361749002	Accommodation	TQ-Y2026E2020B300287	11:13 AM IST, 12 Sep 2026	confirmed	2	-	divyasri n	2639.23
aditi.kurle25@pccoepune.org	9021313775	Accommodation	TQ-Y2026E2020B300289	11:19 AM IST, 12 Sep 2026	confirmed	2	-	Aditi Kurle	1076.8
dijolinifa62@gmail.com	9488176950	Accommodation	TQ-Y2026E2020B300317	12:45 PM IST, 12 Sep 2026	confirmed	3	-	D. K. Dijolin Nifa	3797.83
itstimj4hn@gmail.com	8547191102	Accommodation	TQ-Y2026E2020B300330	02:01 PM IST, 12 Sep 2026	confirmed	3	-	Timothy John Samuel	3260.47
jaydenvjean08@gmail.com	6235398751	Accommodation	TQ-Y2026E2020B300333	02:08 PM IST, 12 Sep 2026	confirmed	3	-	Jayden Jean	3260.47
edu.kurmananda@gmail.com	09491978534	Accommodation	TQ-Y2026E2020B300341	02:38 PM IST, 12 Sep 2026	confirmed	1	-	Kurmananda Pavan Sai Buragana	0
manukrishnajee@gmail.com	7594828976	Accommodation	TQ-Y2026E2020B300343	02:38 PM IST, 12 Sep 2026	confirmed	3	-	Manu Krishna K U	0
tamilselvanpln2007@gmail.com	9345792932	Accommodation	TQ-Y2026E2020B300368	05:28 PM IST, 12 Sep 2026	confirmed	2	-	Tamilselvan S	0
soham.powar25@pccoepune.org	7276589969	Accommodation	TQ-Y2026E2020B300385	06:37 PM IST, 12 Sep 2026	confirmed	2	-	Soham Nandkumar Powar	1076.8
shasthikajeyasri@gmail.com	8428786575	Accommodation	TQ-Y2026E2020B300410	09:41 PM IST, 12 Sep 2026	confirmed	2	-	SHASTHIKA JEYASRI B	931.86
bismims0810@gmail.com	9080904138	Accommodation	TQ-Y2026E2020B300413	09:55 PM IST, 12 Sep 2026	confirmed	2	-	Bismi MS	0
amananupam12@gmail.com	9400908392	Accommodation	TQ-Y2026E2020B300414	10:06 PM IST, 12 Sep 2026	confirmed	3	-	Aman Anupam	3260.47
shreedk41@gmail.com	9043846452	Accommodation	TQ-Y2026E2020B300419	10:11 PM IST, 12 Sep 2026	confirmed	2	-	Shreenithi	0
jefilcblessly07@gmail.com	8220730807	Accommodation	TQ-Y2026E2020B300426	10:30 PM IST, 12 Sep 2026	confirmed	3	-	JEFIL C BLESSLY	3507.91
hannathsahla@gmail.com	8281661547	Accommodation	TQ-Y2026E2020B300550	03:58 PM IST, 13 Sep 2026	confirmed	3	-	P A Fathima Sahla	3643.56
divyanshi.samantaray25@pccoepune.org	7768097782	Accommodation	TQ-Y2026E2020B300632	03:13 PM IST, 14 Sep 2026	confirmed	2	-	Divyanshi Samantaray	1076.8
aswanthos77@gmail.com	8943435556	Add-on (meal) Breakfast	TQ-Y2026E2020B290656	03:39 PM IST, 24 Aug 2026	confirmed	1	-	ASWANTH O S	0
yazhisan.dev@gmail.com	9363440031	Add-on (meal) Breakfast	TQ-Y2026E2020B299337	01:43 AM IST, 04 Sep 2026	confirmed	3	-	YAZHISAN	0
amprinsalmichael@gmail.com	77084 96505	Add-on (meal) Breakfast	TQ-Y2026E2020B299486	10:33 PM IST, 05 Sep 2026	confirmed	3	-	Amprin Sal M. A	0
rishinathshaji434@gmail.com	8921176327	Add-on (meal) Breakfast	TQ-Y2026E2020B299517	10:19 AM IST, 06 Sep 2026	confirmed	3	-	Rishinadh S	0
dibya.rima@gmail.com	7750013420	Add-on (meal) Breakfast	TQ-Y2026E2020B299921	08:00 PM IST, 08 Sep 2026	confirmed	1	-	Dibyajyoti Parida	0
anujchoudhary.251me109@nitk.edu.in	9119162507	Add-on (meal) Breakfast	TQ-Y2026E2020B299957	11:12 PM IST, 08 Sep 2026	confirmed	1	-	Anuj Choudhary	0
sohamspadhye2007@gmail.com	8356898403	Add-on (meal) Breakfast	TQ-Y2026E2020B299960	11:12 PM IST, 08 Sep 2026	confirmed	1	-	Soham Padhye	0
ryanrp2211@gmail.com	9707720843	Add-on (meal) Breakfast	TQ-Y2026E2020B299964	11:19 PM IST, 08 Sep 2026	confirmed	1	-	Raktim Phukan	0
vedant.r.s.4512@gmail.com	7385972285	Add-on (meal) Breakfast	TQ-Y2026E2020B299970	11:19 PM IST, 08 Sep 2026	confirmed	1	-	Vedant	0
sujalsirsikar333@gmail.com	8431930752	Add-on (meal) Breakfast	TQ-Y2026E2020B299971	11:21 PM IST, 08 Sep 2026	confirmed	1	-	Sujal Sirsikar	1128.57
arjunpoojary78@gmail.com	7760364404	Add-on (meal) Breakfast	TQ-Y2026E2020B299976	12:31 AM IST, 09 Sep 2026	confirmed	1	-	Arjun Surendra	0
suryanshpandeycmf@gmail.com	8081826880	Add-on (meal) Breakfast	TQ-Y2026E2020B300078	12:10 AM IST, 10 Sep 2026	confirmed	2	-	Suryansh Pandey	0
sachin00349kumar@gmail.com	9905823189	Add-on (meal) Breakfast	TQ-Y2026E2020B300146	03:18 AM IST, 11 Sep 2026	confirmed	2	-	Sachin Kumar	0
shekharpuneet648@gmail.com	9555133636	Add-on (meal) Breakfast	TQ-Y2026E2020B300195	07:58 PM IST, 11 Sep 2026	confirmed	2	-	Puneet Singh	0
at1921563@gmail.com	6387214811	Add-on (meal) Breakfast	TQ-Y2026E2020B300208	09:19 PM IST, 11 Sep 2026	confirmed	2	-	Ayush Tiwari	0
sarcasticdheeraj@gmail.com	7390066498	Add-on (meal) Breakfast	TQ-Y2026E2020B300212	09:25 PM IST, 11 Sep 2026	confirmed	2	-	Dheeraj Sharma	0
dijolinifa62@gmail.com	9488176950	Add-on (meal) Breakfast	TQ-Y2026E2020B300318	12:45 PM IST, 12 Sep 2026	confirmed	2	-	D. K. Dijolin Nifa	0
itstimj4hn@gmail.com	8547191102	Add-on (meal) Breakfast	TQ-Y2026E2020B300331	02:01 PM IST, 12 Sep 2026	confirmed	3	-	Timothy John Samuel	0
jaydenvjean08@gmail.com	6235398751	Add-on (meal) Breakfast	TQ-Y2026E2020B300335	02:08 PM IST, 12 Sep 2026	confirmed	3	-	Jayden Jean	0
edu.kurmananda@gmail.com	09491978534	Add-on (meal) Breakfast	TQ-Y2026E2020B300338	02:30 PM IST, 12 Sep 2026	confirmed	1	-	Kurmananda Pavan Sai Buragana	51.77
manukrishnajee@gmail.com	7594828976	Add-on (meal) Breakfast	TQ-Y2026E2020B300344	02:38 PM IST, 12 Sep 2026	confirmed	2	-	Manu Krishna K U	0
amananupam12@gmail.com	9400908392	Add-on (meal) Breakfast	TQ-Y2026E2020B300415	10:06 PM IST, 12 Sep 2026	confirmed	3	-	Aman Anupam	0
jefilcblessly07@gmail.com	8220730807	Add-on (meal) Breakfast	TQ-Y2026E2020B300427	10:30 PM IST, 12 Sep 2026	confirmed	2	-	JEFIL C BLESSLY	0
hannathsahla@gmail.com	8281661547	Add-on (meal) Breakfast	TQ-Y2026E2020B300551	03:58 PM IST, 13 Sep 2026	confirmed	2	-	P A Fathima Sahla	0
aswanthos77@gmail.com	8943435556	Add-on (meal) Lunch	TQ-Y2026E2020B290658	03:39 PM IST, 24 Aug 2026	confirmed	2	-	ASWANTH O S	0
yazhisan.dev@gmail.com	9363440031	Add-on (meal) Lunch	TQ-Y2026E2020B299339	01:43 AM IST, 04 Sep 2026	confirmed	3	-	YAZHISAN	0
amprinsalmichael@gmail.com	77084 96505	Add-on (meal) Lunch	TQ-Y2026E2020B299487	10:33 PM IST, 05 Sep 2026	confirmed	3	-	Amprin Sal M. A	0
rishinathshaji434@gmail.com	8921176327	Add-on (meal) Lunch	TQ-Y2026E2020B299519	10:19 AM IST, 06 Sep 2026	confirmed	3	-	Rishinadh S	0
dibya.rima@gmail.com	7750013420	Add-on (meal) Lunch	TQ-Y2026E2020B299920	08:00 PM IST, 08 Sep 2026	confirmed	1	-	Dibyajyoti Parida	124.24
anujchoudhary.251me109@nitk.edu.in	9119162507	Add-on (meal) Lunch	TQ-Y2026E2020B299955	11:12 PM IST, 08 Sep 2026	confirmed	1	-	Anuj Choudhary	0
sohamspadhye2007@gmail.com	8356898403	Add-on (meal) Lunch	TQ-Y2026E2020B299961	11:12 PM IST, 08 Sep 2026	confirmed	1	-	Soham Padhye	0
ryanrp2211@gmail.com	9707720843	Add-on (meal) Lunch	TQ-Y2026E2020B299965	11:19 PM IST, 08 Sep 2026	confirmed	1	-	Raktim Phukan	0
vedant.r.s.4512@gmail.com	7385972285	Add-on (meal) Lunch	TQ-Y2026E2020B299969	11:19 PM IST, 08 Sep 2026	confirmed	1	-	Vedant	0
sujalsirsikar333@gmail.com	8431930752	Add-on (meal) Lunch	TQ-Y2026E2020B299973	11:21 PM IST, 08 Sep 2026	confirmed	1	-	Sujal Sirsikar	0
arjunpoojary78@gmail.com	7760364404	Add-on (meal) Lunch	TQ-Y2026E2020B299977	12:31 AM IST, 09 Sep 2026	confirmed	1	-	Arjun Surendra	0
suryanshpandeycmf@gmail.com	8081826880	Add-on (meal) Lunch	TQ-Y2026E2020B300081	12:10 AM IST, 10 Sep 2026	confirmed	2	-	Suryansh Pandey	0
sachin00349kumar@gmail.com	9905823189	Add-on (meal) Lunch	TQ-Y2026E2020B300148	03:18 AM IST, 11 Sep 2026	confirmed	2	-	Sachin Kumar	0
shekharpuneet648@gmail.com	9555133636	Add-on (meal) Lunch	TQ-Y2026E2020B300197	07:58 PM IST, 11 Sep 2026	confirmed	2	-	Puneet Singh	0
at1921563@gmail.com	6387214811	Add-on (meal) Lunch	TQ-Y2026E2020B300209	09:19 PM IST, 11 Sep 2026	confirmed	2	-	Ayush Tiwari	0
sarcasticdheeraj@gmail.com	7390066498	Add-on (meal) Lunch	TQ-Y2026E2020B300213	09:25 PM IST, 11 Sep 2026	confirmed	2	-	Dheeraj Sharma	0
poorva.sawant25@pccoepune.org	9579686669	Add-on (meal) Lunch	TQ-Y2026E2020B300222	10:02 PM IST, 11 Sep 2026	confirmed	1	-	Poorva Sawant	0
kshitij.bhalerao25@pccoepune.org	9699977048	Add-on (meal) Lunch	TQ-Y2026E2020B300268	12:48 AM IST, 12 Sep 2026	confirmed	1	-	KSHITIJ BALASAHEB BHALERAO	0
aditi.kurle25@pccoepune.org	9021313775	Add-on (meal) Lunch	TQ-Y2026E2020B300290	11:19 AM IST, 12 Sep 2026	confirmed	1	-	Aditi Kurle	0
dijolinifa62@gmail.com	9488176950	Add-on (meal) Lunch	TQ-Y2026E2020B300320	12:45 PM IST, 12 Sep 2026	confirmed	3	-	D. K. Dijolin Nifa	0
edu.kurmananda@gmail.com	09491978534	Add-on (meal) Lunch	TQ-Y2026E2020B300350	02:53 PM IST, 12 Sep 2026	confirmed	1	-	Kurmananda Pavan Sai Buragana	0
soham.powar25@pccoepune.org	7276589969	Add-on (meal) Lunch	TQ-Y2026E2020B300387	06:37 PM IST, 12 Sep 2026	confirmed	1	-	Soham Nandkumar Powar	0
jefilcblessly07@gmail.com	8220730807	Add-on (meal) Lunch	TQ-Y2026E2020B300429	10:30 PM IST, 12 Sep 2026	confirmed	1	-	JEFIL C BLESSLY	0
hannathsahla@gmail.com	8281661547	Add-on (meal) Lunch	TQ-Y2026E2020B300553	03:58 PM IST, 13 Sep 2026	confirmed	3	-	P A Fathima Sahla	0
edu.kurmananda@gmail.com	09491978534	Add-on (meal) Lunch	TQ-Y2026E2020B300626	02:03 PM IST, 14 Sep 2026	confirmed	1	-	Kurmananda Pavan Sai Buragana	226.74
divyanshi.samantaray25@pccoepune.org	7768097782	Add-on (meal) Lunch	TQ-Y2026E2020B300633	03:13 PM IST, 14 Sep 2026	confirmed	1	-	Divyanshi Samantaray	0
aswanthos77@gmail.com	8943435556	Add-on (meal) Dinner	TQ-Y2026E2020B290657	03:39 PM IST, 24 Aug 2026	confirmed	1	-	ASWANTH O S	0
yazhisan.dev@gmail.com	9363440031	Add-on (meal) Dinner	TQ-Y2026E2020B299338	01:43 AM IST, 04 Sep 2026	confirmed	3	-	YAZHISAN	0
amprinsalmichael@gmail.com	77084 96505	Add-on (meal) Dinner	TQ-Y2026E2020B299488	10:33 PM IST, 05 Sep 2026	confirmed	3	-	Amprin Sal M. A	0
rishinathshaji434@gmail.com	8921176327	Add-on (meal) Dinner	TQ-Y2026E2020B299518	10:19 AM IST, 06 Sep 2026	confirmed	3	-	Rishinadh S	0
anujchoudhary.251me109@nitk.edu.in	9119162507	Add-on (meal) Dinner	TQ-Y2026E2020B299956	11:12 PM IST, 08 Sep 2026	confirmed	1	-	Anuj Choudhary	0
sohamspadhye2007@gmail.com	8356898403	Add-on (meal) Dinner	TQ-Y2026E2020B299962	11:12 PM IST, 08 Sep 2026	confirmed	1	-	Soham Padhye	0
ryanrp2211@gmail.com	9707720843	Add-on (meal) Dinner	TQ-Y2026E2020B299966	11:19 PM IST, 08 Sep 2026	confirmed	1	-	Raktim Phukan	0
vedant.r.s.4512@gmail.com	7385972285	Add-on (meal) Dinner	TQ-Y2026E2020B299968	11:19 PM IST, 08 Sep 2026	confirmed	1	-	Vedant	0
sujalsirsikar333@gmail.com	8431930752	Add-on (meal) Dinner	TQ-Y2026E2020B299974	11:21 PM IST, 08 Sep 2026	confirmed	1	-	Sujal Sirsikar	0
arjunpoojary78@gmail.com	7760364404	Add-on (meal) Dinner	TQ-Y2026E2020B299978	12:31 AM IST, 09 Sep 2026	confirmed	1	-	Arjun Surendra	0
suryanshpandeycmf@gmail.com	8081826880	Add-on (meal) Dinner	TQ-Y2026E2020B300079	12:10 AM IST, 10 Sep 2026	confirmed	3	-	Suryansh Pandey	0
sachin00349kumar@gmail.com	9905823189	Add-on (meal) Dinner	TQ-Y2026E2020B300147	03:18 AM IST, 11 Sep 2026	confirmed	3	-	Sachin Kumar	0
shekharpuneet648@gmail.com	9555133636	Add-on (meal) Dinner	TQ-Y2026E2020B300196	07:58 PM IST, 11 Sep 2026	confirmed	3	-	Puneet Singh	0
at1921563@gmail.com	6387214811	Add-on (meal) Dinner	TQ-Y2026E2020B300210	09:19 PM IST, 11 Sep 2026	confirmed	3	-	Ayush Tiwari	0
sarcasticdheeraj@gmail.com	7390066498	Add-on (meal) Dinner	TQ-Y2026E2020B300214	09:25 PM IST, 11 Sep 2026	confirmed	3	-	Dheeraj Sharma	0
poorva.sawant25@pccoepune.org	9579686669	Add-on (meal) Dinner	TQ-Y2026E2020B300221	10:02 PM IST, 11 Sep 2026	confirmed	1	-	Poorva Sawant	0
kshitij.bhalerao25@pccoepune.org	9699977048	Add-on (meal) Dinner	TQ-Y2026E2020B300266	12:48 AM IST, 12 Sep 2026	confirmed	1	-	KSHITIJ BALASAHEB BHALERAO	0
aditi.kurle25@pccoepune.org	9021313775	Add-on (meal) Dinner	TQ-Y2026E2020B300291	11:19 AM IST, 12 Sep 2026	confirmed	1	-	Aditi Kurle	0
dijolinifa62@gmail.com	9488176950	Add-on (meal) Dinner	TQ-Y2026E2020B300319	12:45 PM IST, 12 Sep 2026	confirmed	3	-	D. K. Dijolin Nifa	0
edu.kurmananda@gmail.com	09491978534	Add-on (meal) Dinner	TQ-Y2026E2020B300340	02:38 PM IST, 12 Sep 2026	confirmed	1	-	Kurmananda Pavan Sai Buragana	0
edu.kurmananda@gmail.com	09491978534	Add-on (meal) Dinner	TQ-Y2026E2020B300345	02:48 PM IST, 12 Sep 2026	confirmed	1	-	Kurmananda Pavan Sai Buragana	174.97
edu.kurmananda@gmail.com	09491978534	Add-on (meal) Dinner	TQ-Y2026E2020B300349	02:53 PM IST, 12 Sep 2026	confirmed	1	-	Kurmananda Pavan Sai Buragana	144.94
soham.powar25@pccoepune.org	7276589969	Add-on (meal) Dinner	TQ-Y2026E2020B300386	06:37 PM IST, 12 Sep 2026	confirmed	1	-	Soham Nandkumar Powar	0
jefilcblessly07@gmail.com	8220730807	Add-on (meal) Dinner	TQ-Y2026E2020B300428	10:30 PM IST, 12 Sep 2026	confirmed	1	-	JEFIL C BLESSLY	0
hannathsahla@gmail.com	8281661547	Add-on (meal) Dinner	TQ-Y2026E2020B300552	03:58 PM IST, 13 Sep 2026	confirmed	3	-	P A Fathima Sahla	0
divyanshi.samantaray25@pccoepune.org	7768097782	Add-on (meal) Dinner	TQ-Y2026E2020B300634	03:13 PM IST, 14 Sep 2026	confirmed	1	-	Divyanshi Samantaray	0
sohamspadhye2007@gmail.com	8356898403	Merch - Cap	TQ-Y2026E2020B299959	11:12 PM IST, 08 Sep 2026	confirmed	1	-	Soham Padhye	0
nda@gmail.com	09491978534	Events - Conscientia 2026 - stock odyssy	TQ-Y2026E2020B287932	01:22 AM IST, 01 Aug 2026	confirmed	1	-	Kurmananda Pavan Sai Buragana	0
nda@gmail.com	09491978534	Events - Conscientia 2026 - stock odyssy	TQ-Y2026E2020B287933	01:23 AM IST, 01 Aug 2026	confirmed	1	-	Kurmananda Pavan Sai Buragana	0
nda@gmail.com	09491978534	Events - Conscientia 2026 - stock odyssy	TQ-Y2026E2020B287934	01:23 AM IST, 01 Aug 2026	confirmed	1	-	Kurmananda Pavan Sai Buragana	0
nda@gmail.com	09491978534	Events - Conscientia 2026 - stock odyssy	TQ-Y2026E2020B287935	01:23 AM IST, 01 Aug 2026	confirmed	1	-	Kurmananda Pavan Sai Buragana	0
nda@gmail.com	09491978534	Events - Conscientia 2026 - stock odyssy	TQ-Y2026E2020B287936	01:24 AM IST, 01 Aug 2026	confirmed	1	-	Kurmananda Pavan Sai Buragana	0
nda@gmail.com	09491978534	Events - Conscientia 2026 - stock odyssy	TQ-Y2026E2020B287937	01:32 AM IST, 01 Aug 2026	confirmed	1	-	Kurmananda Pavan Sai Buragana	0
someone@gmail.com	09491978534	Events - Conscientia 2026 - stock odyssy	TQ-Y2026E2020B287938	01:36 AM IST, 01 Aug 2026	confirmed	1	-	Kurmananda Pavan Sai Buragana	0
someone@gmail.com	09491978534	Events - Conscientia 2026 - stock odyssy	TQ-Y2026E2020B287939	01:39 AM IST, 01 Aug 2026	confirmed	1	-	Kurmananda Pavan Sai Buragana	0
someone@gmail.com	09491978534	Events - Conscientia 2026 - stock odyssy	TQ-Y2026E2020B287940	01:40 AM IST, 01 Aug 2026	confirmed	1	-	Kurmananda Pavan Sai Buragana	0
someone@gmail.com	09491978534	Events - Conscientia 2026 - stock odyssy	TQ-Y2026E2020B288126	09:44 PM IST, 01 Aug 2026	confirmed	1	-	Kurmananda Pavan Sai Buragana	0
someone@gmail.com	09491978534	Events - Conscientia 2026 - stock odyssy	TQ-Y2026E2020B288128	09:44 PM IST, 01 Aug 2026	confirmed	1	-	Kurmananda Pavan Sai Buragana	0
someone@gmail.com	09491978534	Events - Conscientia 2026 - stock odyssy	TQ-Y2026E2020B288129	09:47 PM IST, 01 Aug 2026	confirmed	1	-	Kurmananda Pavan Sai Buragana	0
someone@gmail.com	09491978534	Events - Conscientia 2026 - stock odyssy	TQ-Y2026E2020B288130	09:48 PM IST, 01 Aug 2026	confirmed	1	-	Kurmananda Pavan Sai Buragana	0
someone@gmail.com	09491978534	Events - Conscientia 2026 - stock odyssy	TQ-Y2026E2020B288131	09:48 PM IST, 01 Aug 2026	confirmed	1	-	Kurmananda Pavan Sai Buragana	0
someone@gmail.com	09491978534	Events - Conscientia 2026 - stock odyssy	TQ-Y2026E2020B288132	09:53 PM IST, 01 Aug 2026	confirmed	1	-	Kurmananda Pavan Sai Buragana	0
someone@gmail.com	09491978534	Events - Conscientia 2026 - stock odyssy	TQ-Y2026E2020B288134	09:57 PM IST, 01 Aug 2026	confirmed	1	-	Kurmananda Pavan Sai Buragana	0
someone@gmail.com	09491978534	Events - Conscientia 2026 - stock odyssy	TQ-Y2026E2020B288135	10:00 PM IST, 01 Aug 2026	confirmed	1	-	Kurmananda Pavan Sai Buragana	0
someone@gmail.com	09491978534	Events - Conscientia 2026 - stock odyssy	TQ-Y2026E2020B288136	10:05 PM IST, 01 Aug 2026	confirmed	1	-	Kurmananda Pavan Sai Buragana	0
someone@gmail.com	09491978534	Events - Conscientia 2026 - stock odyssy	TQ-Y2026E2020B288137	10:11 PM IST, 01 Aug 2026	confirmed	1	-	Kurmananda Pavan Sai Buragana	0
someone@gmail.com	09491978534	Events - Conscientia 2026 - stock odyssy	TQ-Y2026E2020B288138	10:12 PM IST, 01 Aug 2026	confirmed	1	-	Kurmananda Pavan Sai Buragana	0
someone@gmail.com	09491978534	Events - Conscientia 2026 - stock odyssy	TQ-Y2026E2020B288139	10:14 PM IST, 01 Aug 2026	confirmed	1	-	Kurmananda Pavan Sai Buragana	0
someone@gmail.com	09491978534	Events - Conscientia 2026 - stock odyssy	TQ-Y2026E2020B288140	10:16 PM IST, 01 Aug 2026	confirmed	1	-	Kurmananda Pavan Sai Buragana	0
someone@gmail.com	09491978534	Events - Conscientia 2026 - stock odyssy	TQ-Y2026E2020B288141	10:18 PM IST, 01 Aug 2026	confirmed	1	-	Kurmananda Pavan Sai Buragana	0
someone@gmail.com	09491978534	Events - Conscientia 2026 - stock odyssy	TQ-Y2026E2020B288143	10:21 PM IST, 01 Aug 2026	confirmed	1	-	Kurmananda Pavan Sai Buragana	0
nda@gmail.com	09491978534	Events - Conscientia 2026 - stock odyssy	TQ-Y2026E2020B288316	12:58 AM IST, 03 Aug 2026	confirmed	1	-	Kurmananda Pavan Sai Buragana	0
nda@gmail.com	09491978534	Events - Conscientia 2026 - stock odyssy	TQ-Y2026E2020B288317	12:59 AM IST, 03 Aug 2026	confirmed	1	-	Kurmananda Pavan Sai Buragana	0
nda@gmail.com	09491978534	Events - Conscientia 2026 - stock odyssy	TQ-Y2026E2020B288318	01:01 AM IST, 03 Aug 2026	confirmed	1	-	Kurmananda Pavan Sai Buragana	0
nda@gmail.com	09491978534	Events - Conscientia 2026 - stock odyssy	TQ-Y2026E2020B288319	01:01 AM IST, 03 Aug 2026	confirmed	1	-	Kurmananda Pavan Sai Buragana	0
nda@gmail.com	09491978534	Events - Conscientia 2026 - stock odyssy	TQ-Y2026E2020B288320	01:01 AM IST, 03 Aug 2026	confirmed	1	-	Kurmananda Pavan Sai Buragana	0
nda@gmail.com	09491978534	Events - Conscientia 2026 - stock odyssy	TQ-Y2026E2020B288321	01:05 AM IST, 03 Aug 2026	confirmed	1	-	Kurmananda Pavan Sai Buragana	0
nda@gmail.com	09491978534	Events - Conscientia 2026 - stock odyssy	TQ-Y2026E2020B288322	01:05 AM IST, 03 Aug 2026	confirmed	1	-	Kurmananda Pavan Sai Buragana	0
someone@gmail.com	09491978534	Events - Conscientia 2026 - stock odyssy	TQ-Y2026E2020B288378	10:20 PM IST, 03 Aug 2026	confirmed	1	-	Kurmananda Pavan Sai Buragana	0
edu.kurmananda@gmail.com	09491978534	Events - Conscientia 2026 - stock odyssy	TQ-Y2026E2020B288404	11:55 AM IST, 05 Aug 2026	confirmed	1	-	Kurmananda Pavan Sai Buragana	0
some@gmail.com	09491978534	Events - Conscientia 2026 - stock odyssy	TQ-Y2026E2020B288419	01:49 PM IST, 05 Aug 2026	confirmed	1	-	Kurmananda Pavan Sai Buragana	0
sanchanasaleesh@gmail.com	+917025032461	cubesat	TQ-Y2026E2020B284116	10:51 AM IST, 19 May 2026	confirmed	1	-	Sanchana Saleesh	361.35
ashokrhythan@gmail.com	+919884428165	cubesat	TQ-Y2026E2020B284246	09:28 PM IST, 20 May 2026	confirmed	1	-	Ashok Rhythan	361.35
anshu.auj@gmail.com	+917366038969	cubesat	TQ-Y2026E2020B284352	12:24 PM IST, 22 May 2026	confirmed	1	-	Anshu Priya	361.35
karthikgs078@gmail.com	+919494022125	cubesat	TQ-Y2026E2020B284429	10:38 AM IST, 23 May 2026	confirmed	1	-	NUNNA KARTHIK	361.35
rikkarmakar143+conscientiaiist@gmail.com	+919382610718	cubesat	TQ-Y2026E2020B284503	01:56 AM IST, 24 May 2026	confirmed	1	-	Ritabrata	361.35
shrilakshmir10@gmail.com	+919500030290	cubesat	TQ-Y2026E2020B284511	09:22 AM IST, 24 May 2026	confirmed	1	-	Sriraghav S	361.35
rimamary2005@gmail.com	+917561085058	cubesat	TQ-Y2026E2020B284539	04:37 PM IST, 24 May 2026	confirmed	1	-	Rima Mary Abraham	361.35
mayavichatterjee1710@gmail.com	+917000408188	cubesat	TQ-Y2026E2020B284554	10:37 PM IST, 24 May 2026	confirmed	1	-	Devi Chatterjee	361.35
laxmijoshi2004@gmail.com	+919571141738	cubesat	TQ-Y2026E2020B284648	12:29 PM IST, 26 May 2026	confirmed	1	-	Medhir Joshi	722.7
swetav05@gmail.com	+919686668104	cubesat	TQ-Y2026E2020B284666	04:32 PM IST, 26 May 2026	confirmed	1	-	Aashrita Abhishek	1032.28
mastermind.2254@gmail.com	+918797432836	cubesat	TQ-Y2026E2020B284704	07:33 AM IST, 27 May 2026	confirmed	1	-	Ved Raj	361.35
kulkarnimaithili194@gmail.com	+919579241278	cubesat	TQ-Y2026E2020B284771	09:38 PM IST, 27 May 2026	confirmed	1	-	Maithili manoj kulkarni	1032.28
mayankghuntla@gmail.com	+919714626451	cubesat	TQ-Y2026E2020B284788	03:23 PM IST, 28 May 2026	confirmed	1	-	Mayank Rakeshbhai Ghuntla	361.35
jeyanthra08@gmail.com	+919344162174	cubesat	TQ-Y2026E2020B284808	08:06 PM IST, 29 May 2026	confirmed	1	-	Jeyanthra J	361.35
akhilesh24590@gmail.com	+919751670069	cubesat	TQ-Y2026E2020B284845	12:50 PM IST, 31 May 2026	confirmed	1	-	AKHILESH S	361.35
gadvi.neha@gmail.com	+919960549368	cubesat	TQ-Y2026E2020B284861	11:30 AM IST, 01 Jun 2026	confirmed	1	-	Swara Rajesh Gadvi	1341.86
sorenjemimah09@gmail.com	+918822420456	cubesat	TQ-Y2026E2020B284871	07:39 PM IST, 01 Jun 2026	confirmed	1	-	Jemimah Soren	722.7
kalekar.1983@gmail.com	+919689938772	cubesat	TQ-Y2026E2020B284879	09:55 PM IST, 01 Jun 2026	confirmed	1	-	Prathamesh sachin kalekar	361.35
varunsathya004@gmail.com	+916282686710	cubesat	TQ-Y2026E2020B284897	05:50 PM IST, 03 Jun 2026	confirmed	1	-	Varun Sathya	361.35
msg2girinath@gmail.com	+919123566533	cubesat	TQ-Y2026E2020B284901	12:56 AM IST, 04 Jun 2026	confirmed	1	-	Girinath NU	361.35
shreyanshlakra724@gmail.com	+918368274944	cubesat	TQ-Y2026E2020B284912	11:39 PM IST, 04 Jun 2026	confirmed	1	-	Shreyansh Arihan Lakra	361.35
devanandhapadmakumar03@gmail.com	+918590613304	cubesat	TQ-Y2026E2020B284971	01:59 PM IST, 06 Jun 2026	confirmed	1	-	Devananda P	0
radhahardikar6373@gmail.com	+917447263283	cubesat	TQ-Y2026E2020B284972	02:04 PM IST, 06 Jun 2026	confirmed	1	-	Radha Hardikar	361.35
vidhuramuthukumar0110@gmail.com	+917094013029	cubesat	TQ-Y2026E2020B284989	07:07 PM IST, 06 Jun 2026	confirmed	1	-	Vidhura MuthuKumar	0
gobi.m.2024.aero@rajalakshmi.edu.in	+919942128851	cubesat	TQ-Y2026E2020B284997	08:35 AM IST, 07 Jun 2026	confirmed	1	-	Gobi M	361.35
kothekar.prabhakar@adypu.edu.in	+919867557417	cubesat	TQ-Y2026E2020B285032	12:09 PM IST, 08 Jun 2026	confirmed	1	-	Ayush Kothekar	361.35
sukantraj0657@gmail.com	+919442941517	cubesat	TQ-Y2026E2020B285036	03:08 PM IST, 08 Jun 2026	confirmed	1	-	SUKANT RAJ	361.35
maidhilymadhu82@gmail.com	+918304970471	cubesat	TQ-Y2026E2020B285046	09:56 PM IST, 08 Jun 2026	confirmed	1	-	Maidhily M K	361.35
navyashreeg45@gmail.com	+916360957658	cubesat	TQ-Y2026E2020B285049	08:36 AM IST, 09 Jun 2026	confirmed	1	-	Navya	361.35
deepakdhanakkotti2006@gmail.com	+919087963803	cubesat	TQ-Y2026E2020B285072	07:35 PM IST, 09 Jun 2026	confirmed	1	-	Deepak D	361.35
aravindan132005@gmail.com	+916381376637	cubesat	TQ-Y2026E2020B285073	07:44 PM IST, 09 Jun 2026	confirmed	1	-	Aravindan V	361.35
rrphadnis@gmail.com	+919604153298	cubesat	TQ-Y2026E2020B285081	08:04 AM IST, 10 Jun 2026	confirmed	1	-	Ira Phadnis	361.35
skylawade26@gmail.com	+917822995955	cubesat	TQ-Y2026E2020B285109	07:53 PM IST, 10 Jun 2026	confirmed	1	-	Skyla Vijay Wade	361.35
selvaganesh.programmer@gmail.com	+919876543210	cubesat	TQ-Y2026E2020B285118	07:31 AM IST, 11 Jun 2026	confirmed	1	-	Selva Ganesh	361.35
arjunhps95@gmail.com	+918861991481	cubesat	TQ-Y2026E2020B285132	04:30 PM IST, 11 Jun 2026	confirmed	1	-	Arjun H Athreya	361.35
bhargavaharshit69@gmail.com	+916375488858	cubesat	TQ-Y2026E2020B285167	11:52 PM IST, 12 Jun 2026	confirmed	1	-	Harshit Bhargava	361.35
christypatroche1439@gmail.com	+919442011081	cubesat	TQ-Y2026E2020B285173	09:14 AM IST, 13 Jun 2026	confirmed	1	-	Roche Emmanuel P	0
deeps01122006@gmail.com	+918511107997	cubesat	TQ-Y2026E2020B285195	01:04 AM IST, 14 Jun 2026	confirmed	1	-	Deep Shah	361.35
swarabajpai1234@gmail.com	+919170748059	cubesat	TQ-Y2026E2020B285196	01:39 AM IST, 14 Jun 2026	confirmed	1	-	Shresth Bajpai	361.35
royaishik05@gmail.com	+919903508902	cubesat	TQ-Y2026E2020B285239	09:15 AM IST, 15 Jun 2026	confirmed	1	-	Aishik Roy	361.35
anaghark77@gmail.com	+918848039784	cubesat	TQ-Y2026E2020B285278	09:25 PM IST, 15 Jun 2026	confirmed	1	-	ANAGHA R K	361.35
akhilacakhila36@gmail.com	+918943851556	cubesat	TQ-Y2026E2020B285280	09:47 PM IST, 15 Jun 2026	confirmed	1	-	Akhila C	361.35
pavithrashaji000@gmail.com	+919188381184	cubesat	TQ-Y2026E2020B285293	09:25 AM IST, 16 Jun 2026	confirmed	1	-	Pavithra Shaji	361.35
arunimashiju1125@gmail.com	+918089871256	cubesat	TQ-Y2026E2020B285296	10:00 AM IST, 16 Jun 2026	confirmed	1	-	Arunima Shiju	361.35
karthimkarthikeyan16@gmail.com	+916369942502	cubesat	TQ-Y2026E2020B285333	11:00 AM IST, 17 Jun 2026	confirmed	1	-	Karthikeyan M	361.35
aadhiltofficial@gmail.com	+919671317977	cubesat	TQ-Y2026E2020B285345	02:35 PM IST, 17 Jun 2026	confirmed	1	-	Aadhil T Shamim	361.35
ecu250438@cet.ac.in	+916282539608	cubesat	TQ-Y2026E2020B285367	11:22 PM IST, 17 Jun 2026	confirmed	1	-	Ambadi S Bappu	361.35
riswaanaaaa@gmail.com	+919074915815	cubesat	TQ-Y2026E2020B285381	10:59 AM IST, 18 Jun 2026	confirmed	1	-	Riswana Parwin S	361.35
amithravi26@gmail.com	+918590646946	cubesat	TQ-Y2026E2020B285383	12:06 PM IST, 18 Jun 2026	confirmed	1	-	Amith	361.35
nambiarprithvin@gmail.com	+919731917596	cubesat	TQ-Y2026E2020B286534	06:18 PM IST, 19 Jun 2026	confirmed	1	-	Prithvin P Nambiar	670.93
saurabhshanker10@rediffmail.com	+919631109345	cubesat	TQ-Y2026E2020B286600	08:25 PM IST, 20 Jun 2026	confirmed	1	-	Shivika Srivastava	361.35
theertharajeshplr@gmail.com	9497359707	Workshops- Conscientia 2026 (id-1)	TQ-Y2026E2020B299000	07:05 PM IST, 25 Aug 2026	confirmed	1	-	Theertha Rajesh	308.54
vs.vaishnavi08@gmail.com	7012881524	Workshops- Conscientia 2026 (id-1)	TQ-Y2026E2020B299005	07:09 PM IST, 25 Aug 2026	confirmed	1	-	Vaishnavi Vinod	308.54
dd.dayaa.30@gmail.com	9961881209	Workshops- Conscientia 2026 (id-1)	TQ-Y2026E2020B299010	07:26 PM IST, 25 Aug 2026	confirmed	1	-	Daya S	308.54
abhinavsreelal84@gmail.com	6235525997	Workshops- Conscientia 2026 (id-1)	TQ-Y2026E2020B299012	07:26 PM IST, 25 Aug 2026	confirmed	1	-	Abhinav S	308.54
aditpremk@gmail.com	9372695158	Workshops- Conscientia 2026 (id-1)	TQ-Y2026E2020B299459	03:57 PM IST, 05 Sep 2026	confirmed	1	-	Adit Premkumar	102.5
trishanbar123@gmail.com	8100373445	Workshops- Conscientia 2026 (id-1)	TQ-Y2026E2020B299494	01:57 AM IST, 06 Sep 2026	confirmed	1	-	Trishan Bar	308.54
rishinathshaji434@gmail.com	8921176327	Workshops- Conscientia 2026 (id-1)	TQ-Y2026E2020B299521	10:19 AM IST, 06 Sep 2026	confirmed	1	-	Rishinadh S	0
babasathwikpeddireddy@gmail.com	9493938674	Workshops- Conscientia 2026 (id-1)	TQ-Y2026E2020B299900	05:14 PM IST, 08 Sep 2026	confirmed	1	-	Baba sathwik Peddireddy	0
sayar.meel2000@gmail.com	8902282351	Workshops- Conscientia 2026 (id-1)	TQ-Y2026E2020B300151	07:44 AM IST, 11 Sep 2026	confirmed	1	-	Sayar Meel	308.54
anjanamadhuu18@gmail.com	9656605994	Workshops- Conscientia 2026 (id-1)	TQ-Y2026E2020B300155	08:36 AM IST, 11 Sep 2026	confirmed	1	-	Anjana Madhu	154.27
an4haaaa@gmail.com	6282860188	Workshops- Conscientia 2026 (id-1)	TQ-Y2026E2020B300156	08:36 AM IST, 11 Sep 2026	confirmed	1	-	Anagha Subhash	154.27
dijolinifa62@gmail.com	9488176950	Workshops- Conscientia 2026 (id-1)	TQ-Y2026E2020B300322	12:45 PM IST, 12 Sep 2026	confirmed	1	-	D. K. Dijolin Nifa	0
markjerith@gmail.com	9080980220	Workshops- Conscientia 2026 (id-1)	TQ-Y2026E2020B300325	01:27 PM IST, 12 Sep 2026	confirmed	1	-	mark jerith	0
u20hemamaliniab@gmail.com	9345721516	Workshops- Conscientia 2026 (id-1)	TQ-Y2026E2020B300423	10:25 PM IST, 12 Sep 2026	confirmed	1	-	HEMAMALINI AB	412.08
jefilcblessly07@gmail.com	8220730807	Workshops- Conscientia 2026 (id-1)	TQ-Y2026E2020B300431	10:30 PM IST, 12 Sep 2026	confirmed	1	-	JEFIL C BLESSLY	0
akshith.chittiprolu@gmail.com	9177730911	Workshops- Conscientia 2026 (id-5)	TQ-Y2026E2020B289897	05:11 PM IST, 13 Aug 2026	confirmed	1	-	Akshith Chittiprolu	206.04
dugyala.sc26b155@ug.iist.ac.in	9491908913	Workshops- Conscientia 2026 (id-5)	TQ-Y2026E2020B290057	04:34 PM IST, 15 Aug 2026	confirmed	1	-	Rishi Nandhan	206.04
princepatle44@gmail.com	9109963620	Workshops- Conscientia 2026 (id-5)	TQ-Y2026E2020B290135	12:35 AM IST, 17 Aug 2026	confirmed	1	-	Prince Patle	206.04
andhojukoushik493@gmail.com	8121170405	Workshops- Conscientia 2026 (id-5)	TQ-Y2026E2020B290190	09:48 PM IST, 17 Aug 2026	confirmed	1	-	Andhoju Koushik	206.04
ntn12113@gmail.com	7410567448	Workshops- Conscientia 2026 (id-5)	TQ-Y2026E2020B299018	09:41 PM IST, 25 Aug 2026	confirmed	1	-	Nita Tulsidas Nanu	206.04
mnslekha@gmail.com	6302577291	Workshops- Conscientia 2026 (id-5)	TQ-Y2026E2020B299022	09:44 PM IST, 25 Aug 2026	confirmed	1	-	Manunuru Naga Sree Lekha	0
deepakdhanakkotti2006@gmail.com	9087963803	Workshops- Conscientia 2026 (id-5)	TQ-Y2026E2020B299358	10:05 AM IST, 04 Sep 2026	confirmed	1	-	DEEPAK D	206.04
aravindan132005@gmail.com	6381376637	Workshops- Conscientia 2026 (id-5)	TQ-Y2026E2020B299367	10:44 AM IST, 04 Sep 2026	confirmed	1	-	Aravindan V	206.04
fsana0560@gmail.com	7306 88 0262	Workshops- Conscientia 2026 (id-5)	TQ-Y2026E2020B299550	03:40 PM IST, 06 Sep 2026	confirmed	1	-	Fathima Sana	206.04
asniyajasmine14@gmail.com	7034427382	Workshops- Conscientia 2026 (id-5)	TQ-Y2026E2020B299552	03:46 PM IST, 06 Sep 2026	confirmed	1	-	Asniya Jasmine	206.04
afrasnaseer29@gmail.com	8078150746	Workshops- Conscientia 2026 (id-5)	TQ-Y2026E2020B299553	03:47 PM IST, 06 Sep 2026	confirmed	1	-	Afras naseer	206.04
parvathibiju022@gmail.com	9778456584	Workshops- Conscientia 2026 (id-5)	TQ-Y2026E2020B299555	03:51 PM IST, 06 Sep 2026	confirmed	1	-	Parvathi Biju	206.04
sreyapavan90@gmail.com	8078460540	Workshops- Conscientia 2026 (id-5)	TQ-Y2026E2020B299557	03:54 PM IST, 06 Sep 2026	confirmed	1	-	Sreya Lakshmi	206.04
resinrias@gmail.com	8113011286	Workshops- Conscientia 2026 (id-5)	TQ-Y2026E2020B299561	05:20 PM IST, 06 Sep 2026	confirmed	1	-	MOHAMED RESIN KIZHAPAT	206.04
malavikashaji2021@gmail.com	9495412812	Workshops- Conscientia 2026 (id-5)	TQ-Y2026E2020B299571	06:17 PM IST, 06 Sep 2026	confirmed	1	-	Malavika p	206.04
mhishamek123@gmail.com	7736611907	Workshops- Conscientia 2026 (id-5)	TQ-Y2026E2020B299644	11:10 AM IST, 07 Sep 2026	confirmed	1	-	Muhammed Hisham E K	206.04
nihithtv@gmail.com	9390971480	Workshops- Conscientia 2026 (id-5)	TQ-Y2026E2020B299745	07:26 PM IST, 07 Sep 2026	confirmed	1	-	Thirukovela Venkata Nihith	206.04
neerajunmesh@gmail.com	9446826042	Workshops- Conscientia 2026 (id-5)	TQ-Y2026E2020B299761	08:44 PM IST, 07 Sep 2026	confirmed	1	-	Neeraj U K	206.04
naeembachi539@gmail.com	7025123051	Workshops- Conscientia 2026 (id-5)	TQ-Y2026E2020B299767	09:12 PM IST, 07 Sep 2026	confirmed	1	-	MUHAMMED NAEEM	206.04
abaniskander6@gmail.com	9061136448	Workshops- Conscientia 2026 (id-5)	TQ-Y2026E2020B299771	09:24 PM IST, 07 Sep 2026	confirmed	1	-	Aban Iskander	206.04
shonjohn235@gmail.com	8281024360	Workshops- Conscientia 2026 (id-5)	TQ-Y2026E2020B299778	09:49 PM IST, 07 Sep 2026	confirmed	1	-	SHON JOHN	206.04
meghnapp987@gmail.com	9072389470	Workshops- Conscientia 2026 (id-5)	TQ-Y2026E2020B299813	10:06 AM IST, 08 Sep 2026	confirmed	1	-	Meghna PP	206.04
sreyadinesh.et@gmail.com	9567455733	Workshops- Conscientia 2026 (id-5)	TQ-Y2026E2020B299849	12:24 PM IST, 08 Sep 2026	confirmed	1	-	Sreya.E.T	206.04
ranivsardra@gmail.com	8891542660	Workshops- Conscientia 2026 (id-5)	TQ-Y2026E2020B299907	06:28 PM IST, 08 Sep 2026	confirmed	1	-	Ardra A. R	206.04
dhanusha55808@gmail.com	8590186297	Workshops- Conscientia 2026 (id-5)	TQ-Y2026E2020B299908	06:29 PM IST, 08 Sep 2026	confirmed	1	-	Dhanusha N	206.04
lechulaa123@gmail.com	9656536250	Workshops- Conscientia 2026 (id-5)	TQ-Y2026E2020B299916	07:35 PM IST, 08 Sep 2026	confirmed	1	-	Sanaya p p	206.04
adithyanjayan876@gmail.com	8089993836	Workshops- Conscientia 2026 (id-5)	TQ-Y2026E2020B299979	01:23 AM IST, 09 Sep 2026	confirmed	1	-	Adithyan  J	206.04
adwinbj95@gmail.com	7907490493	Workshops- Conscientia 2026 (id-5)	TQ-Y2026E2020B300065	11:17 PM IST, 09 Sep 2026	confirmed	1	-	Adwin B J	206.04
ambiliambili6255@gmail.com	8921264512	Workshops- Conscientia 2026 (id-5)	TQ-Y2026E2020B300127	09:44 PM IST, 10 Sep 2026	confirmed	1	-	Keerthi A R	206.04
sreeragsri71@gmail.com	7994872975	Workshops- Conscientia 2026 (id-5)	TQ-Y2026E2020B300133	10:43 PM IST, 10 Sep 2026	confirmed	1	-	Sreerag mg	206.04
kannan26005925@gmail.com	9526543019	Workshops- Conscientia 2026 (id-5)	TQ-Y2026E2020B300249	11:17 PM IST, 11 Sep 2026	confirmed	1	-	Dhananjay Pradeep	206.04
deepaksibu2008@gmail.com	8304025042	Workshops- Conscientia 2026 (id-5)	TQ-Y2026E2020B300388	07:29 PM IST, 12 Sep 2026	confirmed	1	-	Deepak sibu	206.04
dn4548701@gmail.com	9074684514	Workshops- Conscientia 2026 (id-5)	TQ-Y2026E2020B300400	08:51 PM IST, 12 Sep 2026	confirmed	1	-	Devanand R	206.04
madhavjnair321@gmail.com	9562363843	Workshops- Conscientia 2026 (id-5)	TQ-Y2026E2020B300403	09:13 PM IST, 12 Sep 2026	confirmed	1	-	Madhav J Nair	206.04
bharathlal2008@gmail.com	9747504240	Workshops- Conscientia 2026 (id-5)	TQ-Y2026E2020B300643	06:52 PM IST, 14 Sep 2026	confirmed	1	-	Bharath Lal	206.04
dibya.rima@gmail.com	7750013420	Workshops- Conscientia 2026 (id-11)	TQ-Y2026E2020B290383	09:40 PM IST, 20 Aug 2026	confirmed	1	-	Dibyajyoti Parida	3602.14
amprinsalmichael@gmail.com	77084 96505	Workshops- Conscientia 2026 (id-11)	TQ-Y2026E2020B290392	10:57 PM IST, 20 Aug 2026	confirmed	1	-	Amprin Sal M. A	1707.37
dhilnakv92@gmail.com	9605176424	Workshops- Conscientia 2026 (id-11)	TQ-Y2026E2020B299313	11:28 PM IST, 03 Sep 2026	confirmed	1	-	Dhilna kv	1707.37
yazhisan.dev@gmail.com	9363440031	Workshops- Conscientia 2026 (id-11)	TQ-Y2026E2020B299340	01:43 AM IST, 04 Sep 2026	confirmed	1	-	YAZHISAN	0
asnahussain2107@gmail.com	8075244652	Workshops- Conscientia 2026 (id-11)	TQ-Y2026E2020B299444	10:03 AM IST, 05 Sep 2026	confirmed	1	-	ASNA P H	1707.37
gautham1450@cnis.edu.in	7736339993	Workshops- Conscientia 2026 (id-11)	TQ-Y2026E2020B299470	08:15 PM IST, 05 Sep 2026	confirmed	1	-	Gautham V Krishna	1707.37
sanjanamathews7@gmail.com	7736807214	Workshops- Conscientia 2026 (id-11)	TQ-Y2026E2020B299472	08:18 PM IST, 05 Sep 2026	confirmed	1	-	SANJANA ANN MATHEWS	1707.37
adwaithkomban@gmail.com	9324389840	Workshops- Conscientia 2026 (id-11)	TQ-Y2026E2020B299473	08:19 PM IST, 05 Sep 2026	confirmed	1	-	Adwaith Komban	1707.37
arshwayt998@cnis.edu.in	87541 83404	Workshops- Conscientia 2026 (id-11)	TQ-Y2026E2020B299479	09:37 PM IST, 05 Sep 2026	confirmed	1	-	Arshwayt	1707.37
samrdhisampath@gmail.com	7994747657	Workshops- Conscientia 2026 (id-11)	TQ-Y2026E2020B299483	10:09 PM IST, 05 Sep 2026	confirmed	1	-	Samrdhi Sampath	1707.37
ayaanzs127@gmail.com	9601980224	Workshops- Conscientia 2026 (id-11)	TQ-Y2026E2020B300260	11:40 PM IST, 11 Sep 2026	confirmed	1	-	Ayaan Zahid Siddiqui	1707.37
k.abirami17062005@gmail.com	9025869082	Workshops- Conscientia 2026 (id-11)	TQ-Y2026E2020B300284	10:50 AM IST, 12 Sep 2026	confirmed	1	-	Abirami K	0
divyasriindirani@gmail.com	9361749002	Workshops- Conscientia 2026 (id-11)	TQ-Y2026E2020B300288	11:13 AM IST, 12 Sep 2026	confirmed	1	-	divyasri n	0
dijolinifa62@gmail.com	9488176950	Workshops- Conscientia 2026 (id-11)	TQ-Y2026E2020B300321	12:45 PM IST, 12 Sep 2026	confirmed	1	-	D. K. Dijolin Nifa	0
itstimj4hn@gmail.com	8547191102	Workshops- Conscientia 2026 (id-11)	TQ-Y2026E2020B300332	02:01 PM IST, 12 Sep 2026	confirmed	1	-	Timothy John Samuel	0
jaydenvjean08@gmail.com	6235398751	Workshops- Conscientia 2026 (id-11)	TQ-Y2026E2020B300334	02:08 PM IST, 12 Sep 2026	confirmed	1	-	Jayden Jean	0
manukrishnajee@gmail.com	7594828976	Workshops- Conscientia 2026 (id-11)	TQ-Y2026E2020B300342	02:38 PM IST, 12 Sep 2026	confirmed	1	-	Manu Krishna K U	3208.7
tamilselvanpln2007@gmail.com	9345792932	Workshops- Conscientia 2026 (id-11)	TQ-Y2026E2020B300367	05:28 PM IST, 12 Sep 2026	confirmed	1	-	Tamilselvan S	2639.23
babasathwikpeddireddy@gmail.com	9493938674	Workshops- Conscientia 2026 (id-11)	TQ-Y2026E2020B300377	05:49 PM IST, 12 Sep 2026	confirmed	1	-	Baba sathwik Peddireddy	1707.37
shasthikajeyasri@gmail.com	8428786575	Workshops- Conscientia 2026 (id-11)	TQ-Y2026E2020B300406	09:24 PM IST, 12 Sep 2026	confirmed	1	-	SHASTHIKA JEYASRI B	1707.37
bismims0810@gmail.com	9080904138	Workshops- Conscientia 2026 (id-11)	TQ-Y2026E2020B300412	09:55 PM IST, 12 Sep 2026	confirmed	1	-	Bismi MS	2639.23
amananupam12@gmail.com	9400908392	Workshops- Conscientia 2026 (id-11)	TQ-Y2026E2020B300416	10:06 PM IST, 12 Sep 2026	confirmed	1	-	Aman Anupam	0
shreedk41@gmail.com	9043846452	Workshops- Conscientia 2026 (id-11)	TQ-Y2026E2020B300418	10:11 PM IST, 12 Sep 2026	confirmed	1	-	Shreenithi	2639.23
jefilcblessly07@gmail.com	8220730807	Workshops- Conscientia 2026 (id-11)	TQ-Y2026E2020B300430	10:30 PM IST, 12 Sep 2026	confirmed	1	-	JEFIL C BLESSLY	0
hannathsahla@gmail.com	8281661547	Workshops- Conscientia 2026 (id-11)	TQ-Y2026E2020B300554	03:58 PM IST, 13 Sep 2026	confirmed	1	-	P A Fathima Sahla	0
devanand.deepu@gmail.com	70254 60868	Workshops- Conscientia 2026 (id-11)	TQ-Y2026E2020B300569	06:12 PM IST, 13 Sep 2026	confirmed	1	-	Devanand Deepu	1707.37
rishinathshaji434@gmail.com	8921176327	Workshops- Conscientia 2026 (id-8)	TQ-Y2026E2020B299524	10:19 AM IST, 06 Sep 2026	confirmed	1	-	Rishinadh S	0
aswanthos77@gmail.com	8943435556	Workshops- Conscientia 2026 (id-7)	TQ-Y2026E2020B290659	03:39 PM IST, 24 Aug 2026	confirmed	1	-	ASWANTH O S	0
nihithtv@gmail.com	9390971480	Workshops- Conscientia 2026 (id-7)	TQ-Y2026E2020B299343	03:26 AM IST, 04 Sep 2026	confirmed	1	-	Thirukovela Venkata Nihith	0
missileh@gmail.com	9099416453	Workshops- Conscientia 2026 (id-7)	TQ-Y2026E2020B299806	08:25 AM IST, 08 Sep 2026	confirmed	1	-	Hardik Dubal	620.2
joshthephysist@gmail.com	6379878646	Workshops- Conscientia 2026 (id-7)	TQ-Y2026E2020B300326	01:37 PM IST, 12 Sep 2026	confirmed	1	-	Joshua J	620.2
gouryparvathy7115@gmail.com	7012727115	Workshops- Conscientia 2026 (id-7)	TQ-Y2026E2020B300448	11:28 PM IST, 12 Sep 2026	confirmed	1	-	GOURY PARVATHY	620.2
ishithaajai@gmail.com	09745858585	Workshops- Conscientia 2026 (id-7)	TQ-Y2026E2020B300449	11:30 PM IST, 12 Sep 2026	confirmed	1	-	Ishitha Ajaikumar	620.2
jashwanthsugali@gmail.com	9494374554	Workshops- Conscientia 2026 (id-6)	TQ-Y2026E2020B299265	12:43 PM IST, 03 Sep 2026	confirmed	1	-	Jashwanth S	568.43
namrthakammath999@gmail.com	8590601613	Workshops- Conscientia 2026 (id-6)	TQ-Y2026E2020B299303	09:52 PM IST, 03 Sep 2026	confirmed	1	-	Namrtha G Kamath	568.43
lakshmirrajesh701@gmail.com	9447994348	Workshops- Conscientia 2026 (id-6)	TQ-Y2026E2020B299361	10:32 AM IST, 04 Sep 2026	confirmed	1	-	Lakshmi R Rajesh	568.43
harikcecaps4@gmail.com	9880201095	Workshops- Conscientia 2026 (id-6)	TQ-Y2026E2020B299474	08:25 PM IST, 05 Sep 2026	confirmed	1	-	C Harikrishna	568.43
rishinathshaji434@gmail.com	8921176327	Workshops- Conscientia 2026 (id-6)	TQ-Y2026E2020B299520	10:19 AM IST, 06 Sep 2026	confirmed	1	-	Rishinadh S	0
mohithas.gacc@gmail.com	8891944050	Workshops- Conscientia 2026 (id-6)	TQ-Y2026E2020B300033	12:57 PM IST, 09 Sep 2026	confirmed	1	-	Mohith A S	568.43
ademahit123@gmail.com	8341392583	Workshops- Conscientia 2026 (id-6)	TQ-Y2026E2020B300153	08:26 AM IST, 11 Sep 2026	confirmed	1	-	Ade Mahit	568.43
anishanandu@gmail.com	9744870595	Workshops- Conscientia 2026 (id-6)	TQ-Y2026E2020B300245	11:15 PM IST, 11 Sep 2026	confirmed	1	-	HRITHU ANISH	568.43
johnnithin30@gmail.com	9847574960	Workshops- Conscientia 2026 (id-6)	TQ-Y2026E2020B300584	10:27 PM IST, 13 Sep 2026	confirmed	1	-	Nithin Shiju John	568.43
gigianil72@gmail.com	9747278486	Workshops- Conscientia 2026 (id-6)	TQ-Y2026E2020B300636	04:43 PM IST, 14 Sep 2026	confirmed	1	-	Joel  Anil	568.43
rishinathshaji434@gmail.com	8921176327	Workshops- Conscientia 2026 (id-10)	TQ-Y2026E2020B299523	10:19 AM IST, 06 Sep 2026	confirmed	1	-	Rishinadh S	0
dwijdubal19@gmail.com	9099416453	Workshops- Conscientia 2026 (id-10)	TQ-Y2026E2020B299805	08:05 AM IST, 08 Sep 2026	confirmed	1	-	Dwij Dubal	0
lp959892@gmail.com	6238412535	Workshops- Conscientia 2026 (id-10)	TQ-Y2026E2020B300451	11:43 PM IST, 12 Sep 2026	confirmed	1	-	LAKSHMIPRIYA N S	1552.06
